batch_id,hardness,tensile_strength,surface_finish,thickness,temperature,material,shift,defect
B00000,64.50363049134546,423.4727484402866,0.841838506823088,5.3666594472667315,211.91604445953305,Copper,Afternoon,0
B00001,51.61238127105827,430.8372726007806,2.4100920579186793,5.4819721574224065,209.28438810470718,Aluminum,Afternoon,0
B00002,66.52340284052228,417.488825961538,0.5450947737616112,5.673077517130414,187.44535877401833,Copper,Afternoon,0
B00003,59.513852737237464,382.6047696970215,2.835633247740903,4.826295891555418,179.00809104563731,Aluminum,Morning,0
B00004,56.09233593427791,406.03020036537515,0.7160615811180935,5.740822224202587,203.1733415344452,Steel,Afternoon,0
B00005,77.17717406838437,395.31711192835746,2.4980952355086457,4.670968116963445,193.7210435320261,Aluminum,Morning,0
B00006,73.2447019278743,497.9605180055902,2.746541352358677,5.580574220912938,174.7388561805738,Steel,Morning,0
B00007,73.0243118300997,377.1118107284347,2.8528389621261177,4.809812042392587,189.69196214227304,Aluminum,Night,0
B00008,71.25689021320756,354.3710736873886,2.6686925587399313,4.979318061138574,209.03914722551863,Copper,Morning,0
B00009,55.12088764699374,399.68991542834624,1.218875098563608,5.005572783548892,197.72883933633508,Aluminum,Afternoon,0
B00010,61.7961640575453,396.16509012856636,1.3327178283461925,4.739908775051594,223.4915606752799,Aluminum,Afternoon,0
B00011,62.28397086824091,409.84217600843147,1.56636424652519,5.026015600026788,168.6914388437189,Aluminum,Morning,0
B00012,51.32210340720855,377.12766988993343,0.8482417235177521,4.755398567048707,220.06988557230721,Copper,Afternoon,0
B00013,60.54399124124809,405.5186739966438,0.5556811376680597,4.6295169713987905,194.84144930350718,Aluminum,Morning,0
B00014,60.63121619506365,406.48035194856055,2.6728040357025864,4.98838291009213,192.67367996065428,Copper,Night,0
B00015,66.0079915799597,445.29948446800023,1.8853217905261408,5.47696306707288,176.7320924502762,Aluminum,Morning,0
B00016,85.25910080190675,404.6503191854576,2.021807355445541,4.9237940782949075,206.9762277371414,Steel,Morning,0
B00017,64.83282978716208,405.12375153157944,2.817471187044488,5.282306274612265,172.5985700900964,Aluminum,Night,0
B00018,66.01211563655734,425.81731898542586,2.1628004452840393,4.746300112185255,212.26855466896876,Steel,Afternoon,0
B00019,62.998317817886864,443.3827531590759,2.2271337608495334,4.61495717880964,177.2995390243736,Copper,Night,0
B00020,70.90170304042995,350.81621061867105,2.4674216210918556,5.136158047086608,179.66441059644634,Copper,Night,0
B00021,56.408662330833785,337.38397200665895,0.7908711246435094,5.526683715530433,182.13178074975977,Aluminum,Morning,0
B00022,80.16829996123151,484.7739814691906,1.400405383034479,5.062686335639946,189.26075048909755,Copper,Morning,0
B00023,64.00672634026544,435.2037718964079,2.920519819258416,5.247994233961122,214.1311391164925,Aluminum,Night,0
B00024,61.83848133575148,389.0306681835299,2.8073251952515164,5.448537323058943,222.55934800432482,Copper,Afternoon,0
B00025,72.7602965893104,400.98509683165656,2.710188240775462,4.989040895095357,190.8110967658996,Steel,Night,0
B00026,57.87261926364117,380.37191533350864,1.6302212758474313,4.9543810155016255,199.301553480409,Copper,Afternoon,0
B00027,70.75400786444267,410.5640362220776,2.642982383967014,5.14162650518919,207.34875963608766,Steel,Night,0
B00028,76.24136044476289,351.4081405297656,0.620989704864414,5.195005731835451,195.0603145439914,Aluminum,Night,0
B00029,63.069257820775924,442.0083492544963,0.8712935606427936,4.580307473395037,206.76136440939496,Aluminum,Afternoon,0
B00030,81.42273290463896,408.77266993142507,1.5349192462101353,5.088717687881225,199.93880792743954,Aluminum,Night,0
B00031,70.15433221009003,410.58135480166754,1.708480166705316,4.999795577167041,196.19810181865202,Steel,Morning,0
B00032,70.25355407731543,355.3028808660739,1.1587678838021422,4.7631443482669065,178.70276457646855,Aluminum,Night,0
B00033,75.92692268148792,426.2133548386318,1.3911916771194686,4.9790568829466935,202.23564796887004,Aluminum,Morning,0
B00034,78.04587963709099,356.45141784269794,0.9069402525634219,4.650402550441182,214.37563556972086,Steel,Afternoon,0
B00035,67.09471189125104,365.3924570045607,1.722835079289768,4.546721681037895,188.32583228389575,Copper,Afternoon,0
B00036,71.3752435310155,404.38109617208755,2.484608232169653,5.020054474892309,170.47594048716007,Aluminum,Morning,0
B00037,76.17073194528743,525.3665949807826,2.153400984153264,5.270623107018673,195.20674036557045,Copper,Night,0
B00038,55.7055113891085,408.57330666774044,0.7694806184138532,4.895812778553992,222.6465596721128,Copper,Morning,0
B00039,51.163980802938816,271.5599560166215,1.7189540084917903,4.711781220857697,218.17924903231625,Aluminum,Morning,0
B00040,64.53956863675276,367.8749308319625,2.2441159569493125,4.7584103643236,191.2930669132612,Aluminum,Afternoon,0
B00041,50.97206914064496,434.1864556110287,1.824738241384853,5.164683355329966,206.83272507484784,Steel,Morning,0
B00042,62.48803922953638,343.5769527507938,1.4791889913388725,5.50021556538278,209.2031886972585,Steel,Night,0
B00043,67.5149882735931,441.555122057283,2.0547860532096953,5.231136857428189,222.355071822345,Aluminum,Morning,0
B00044,62.794889871558986,407.9410287382515,2.9215966632506887,5.390237569774567,176.74126555699243,Copper,Afternoon,0
B00045,63.86725561517047,449.5663596295388,0.737269774415195,4.68571289066895,183.96757654055534,Steel,Night,0
B00046,56.986667891032596,372.05729453745016,1.4750401518689018,4.9778210249795585,169.8536695814502,Steel,Afternoon,0
B00047,71.30514835176756,368.1608042533642,1.5165146326152392,5.305607255127322,189.82386202482692,Aluminum,Morning,0
B00048,56.49229306302128,428.24925791422555,1.9424182761709274,4.58024672563183,215.99458351203253,Aluminum,Morning,0
B00049,48.17678615155973,399.623581251392,0.8804365047047947,4.802488035912076,191.6042126006648,Aluminum,Afternoon,0
B00050,63.34128981973424,396.59885941068626,0.9416075746761738,5.28260574711246,180.3771660526954,Aluminum,Afternoon,0
B00051,72.32015939935965,478.44849344745313,1.2134034649946366,5.077527731236505,203.39954626223147,Steel,Night,0
B00052,65.63864633506381,430.20704635308925,2.889675108171299,4.710466720315195,203.78553255181032,Steel,Afternoon,0
B00053,55.68162387935812,300.50385166521363,2.3352714530772563,4.510753577837927,184.74425820572998,Steel,Afternoon,0
B00054,65.8156077392507,439.95340612581936,2.154233254228758,5.401194554409502,192.409311392228,Copper,Morning,0
B00055,68.5064296381468,434.9484400207561,2.5423942184856556,4.383984684937723,202.2586478096844,Steel,Morning,0
B00056,65.72253353215142,459.2455643611716,0.8189411722917324,5.189718553691091,211.18979745037683,Steel,Afternoon,0
B00057,62.88332602489131,353.01507902132454,2.648332049309379,4.840086669383991,190.26691319766422,Aluminum,Afternoon,0
B00058,68.88830945314199,416.2402912605061,1.98708178471876,5.314120494909005,188.1053547993399,Steel,Morning,0
B00059,51.09258477743884,405.5815010621591,1.3383225186473386,4.687355510057329,228.6883203414791,Steel,Night,0
B00060,57.848356873899355,352.11840762601236,2.539638139364226,5.78443968060853,195.88960653882833,Steel,Night,0
B00061,54.55833521755752,447.33832839532903,2.5064113358715603,5.1206896567065145,203.7415145632108,Aluminum,Night,0
B00062,75.78709097590526,387.92270003453086,2.614271454291818,5.1701207656356765,209.72547434593446,Steel,Night,0
B00063,70.6962537679071,457.6366195626167,0.7887947502674554,4.768085843966947,173.19670947278118,Steel,Morning,0
B00064,66.48100027451214,362.8570607466262,2.92340311248944,4.959985899740352,199.72209557452243,Copper,Afternoon,0
B00065,53.395026773177534,326.9707264600302,2.8990653844743277,4.967765278173146,175.31425572989505,Copper,Night,0
B00066,70.95318231158495,387.87169089844275,1.3936741137543538,5.538820498775505,198.03833826848896,Copper,Morning,0
B00067,76.09232107993454,411.59565912812235,0.6647350455297991,5.120173031428336,220.59685852754734,Copper,Afternoon,0
B00068,69.5719578917085,373.2902036390544,0.9176391736719642,5.163148911920971,185.02297509917085,Aluminum,Night,0
B00069,64.71858066797154,246.77715656208863,2.9820770636117424,5.1597946629445595,175.00371215378266,Copper,Afternoon,0
B00070,70.05374425480493,419.1824572459385,1.9075323579291577,5.188583269725379,228.3152866529989,Steel,Night,0
B00071,67.18332891402152,418.9490345261013,1.3915544970651301,4.583163947077163,182.7941423689674,Copper,Afternoon,0
B00072,72.40860986911791,434.35836392704834,1.220506734625097,5.614780432411014,177.52131504159513,Aluminum,Night,0
B00073,72.22948513434362,380.97537822246113,1.1424793382773688,4.736753428341512,224.28547354085268,Copper,Night,0
B00074,63.23147570711739,378.2474133809046,2.160381912636205,4.988478699299274,182.2029511730427,Copper,Afternoon,0
B00075,59.71486893692712,472.01608864007454,1.5484695787992149,5.4594448692564885,224.67371314592936,Aluminum,Afternoon,0
B00076,61.80141647451058,321.2297657089142,2.913526748421529,5.580387589021209,204.1113624225598,Aluminum,Afternoon,0
B00077,69.28680268003947,387.64411031661797,2.2096075766134033,5.241786223919442,219.25935615010155,Aluminum,Morning,0
B00078,62.284482785617534,407.11509230659027,2.480111477622403,4.848591593076336,202.79099504142877,Aluminum,Morning,0
B00079,58.99576305476941,430.30109150071206,1.2318538714578997,5.03832036588329,216.19553547093136,Aluminum,Afternoon,0
B00080,64.99237302997435,408.48835912021593,0.6979660227715646,5.050090183732356,186.2232676612885,Aluminum,Morning,0
B00081,73.8596554453516,353.90036807692206,1.7195570934547026,5.06071713719274,190.79595853965,Steel,Night,0
B00082,66.08086453707251,458.3806974010427,1.2864538663655682,4.630984091776261,168.2673279335802,Copper,Afternoon,0
B00083,62.79025603199658,400.0953706138454,1.0052079125198092,5.378032859718646,214.57672216636777,Copper,Morning,0
B00084,67.56345434357412,316.5998646754318,2.8816053270021533,5.040376692781334,206.29354014973026,Aluminum,Afternoon,0
B00085,65.67231367239894,410.4588325386697,1.6099705358550758,4.783334369315018,184.89013062005867,Aluminum,Night,0
B00086,49.53090367192257,423.7638435610732,0.9367714801219641,4.850482073675767,173.76646927523123,Steel,Night,0
B00087,70.57407314415327,498.0371976699057,0.9966266317028478,5.080955010652614,204.22719722937714,Steel,Morning,0
B00088,68.25966751957688,420.4375674435146,1.201774356161485,4.579128005132478,225.13931802158285,Aluminum,Night,0
B00089,65.12937439156596,325.89872139924387,2.9982906704742818,5.263530522849787,197.93058616126515,Steel,Afternoon,0
B00090,73.49885360578337,327.6549354595822,1.1700287512989933,5.070419090722923,190.12330942217426,Steel,Morning,0
B00091,74.70399491400158,462.93547290991336,1.322004511446134,5.469706885107827,185.94388579778047,Aluminum,Afternoon,0
B00092,71.3901492917884,359.85984933254304,2.1483203199600034,5.023275116340371,218.74023061649484,Aluminum,Afternoon,0
B00093,58.19759347171573,322.520946792742,1.2349034410257458,4.674419618064335,188.31128263384588,Aluminum,Afternoon,0
B00094,58.474311114984324,450.02554338792163,1.0395106276492334,4.640659043036799,194.43231349973476,Aluminum,Night,0
B00095,73.93868432001587,376.21320938926647,0.8965929666239967,4.8827883158262715,215.6260236187817,Copper,Afternoon,0
B00096,49.9822085844384,447.3506982079804,1.2817066625694804,4.914528570013541,209.56222407254475,Copper,Night,0
B00097,63.80921987870309,354.2640247335294,0.7647892240719338,4.829821485602725,195.00636005019982,Aluminum,Afternoon,0
B00098,68.51860645624866,473.690616683294,0.5466164660369572,5.0385441598755305,189.51534588125983,Steel,Night,0
B00099,50.99673811641996,443.6031853466638,2.511604243336693,4.822206891834297,221.98367434618072,Aluminum,Night,0
B00100,66.87474591080239,363.86573166993264,0.8447373560364414,5.076261768327272,183.25445487341028,Copper,Night,0
B00101,72.63543261268762,316.9804766552679,2.4399421245381054,4.843805475299519,196.84572222308924,Steel,Afternoon,0
B00102,53.11539143917219,515.258192937707,2.4938561974666493,5.189511112320371,177.4118526898655,Copper,Afternoon,0
B00103,78.26536165355327,389.4896149003427,1.8447988158231077,4.906970361986953,217.83300766905552,Aluminum,Night,0
B00104,56.92135939120872,361.86341764621415,1.2742048957823786,5.37386200168023,192.8767118617549,Copper,Afternoon,0
B00105,69.59788997181624,469.31541344147496,0.8625818343747211,5.195688409936896,189.50561301926516,Copper,Night,0
B00106,64.33122857313094,447.28799267062203,2.3420127668024975,5.058075601943512,209.9249369807709,Copper,Afternoon,0
B00107,65.55612498960362,459.139827165629,2.003467464954465,4.937696820008028,178.6172694304679,Steel,Night,0
B00108,54.73203891460675,395.07458612411347,2.1386336412339104,4.544297082401413,209.53072071828262,Copper,Night,0
B00109,75.08378369882448,494.0527345161812,0.5216727246128277,5.424064821402177,194.5918581189874,Steel,Morning,0
B00110,67.60706770680187,334.4690909724319,2.818792539269561,4.7957668764748105,181.92051177829708,Aluminum,Afternoon,0
B00111,77.96672141522525,372.3975239221239,0.6657254686163756,5.0272196403206655,185.14605544607272,Aluminum,Afternoon,0
B00112,54.94066223536778,419.49393778574415,1.4170147128500141,5.103141297060764,189.73699850657394,Copper,Morning,0
B00113,63.550122928970445,458.40556721185567,1.5067791241292507,4.944946532126583,193.33934486804392,Steel,Night,0
B00114,66.67623391761765,433.0579510262415,0.5033888112448721,5.406380316307408,182.0221088923818,Aluminum,Night,0
B00115,65.4830651783594,395.85671320766045,1.7427232733769928,4.633588724777376,204.41773984352068,Steel,Morning,0
B00116,70.33428275737936,376.242606638026,2.382022486277525,5.520180442096201,181.62917024066496,Steel,Morning,0
B00117,63.448651664608995,458.67554291796773,2.55817163278693,5.201467267252495,164.52316320292567,Copper,Night,0
B00118,81.97620837040549,438.2198006638515,2.698492483264711,4.926073823949659,228.79429443196284,Copper,Afternoon,0
B00119,65.31873857750544,356.27381036544676,1.7192971707884237,4.929431001820613,202.9689132364845,Steel,Morning,0
B00120,41.926764513901325,354.78653009684865,2.0765904763241263,4.334953548828848,230.1423738746836,Steel,Morning,0
B00121,65.67360806671498,372.72559227802424,0.6987992832412468,4.7455301689495695,184.34510974959426,Copper,Morning,0
B00122,75.09171187892946,366.31190671903124,1.7200955607043749,4.893828873496087,207.19692071432,Steel,Morning,0
B00123,57.61355118519573,451.49204562732336,0.8870393871793382,5.052831492809273,213.4191304829489,Copper,Morning,0
B00124,57.10595848663011,421.78661611090087,1.4241077940563036,5.377874373335668,197.15980612740117,Steel,Morning,0
B00125,58.27688234928328,427.8893620201549,1.3232632821614982,5.611263687448686,178.3332503663198,Copper,Night,0
B00126,56.388185520182965,409.5834818398388,1.5588514431037703,5.081680129640772,196.03278298666558,Steel,Night,0
B00127,61.16478629035205,411.93853576686774,1.9290915449353314,5.061682793642889,209.39595399644358,Copper,Morning,0
B00128,72.27437781079377,320.90912923298447,2.7571916176574898,4.852894469746439,208.82330674851048,Steel,Night,0
B00129,77.21066182730155,439.70918288423843,1.4862115783687633,4.485469957003139,199.97557081312914,Aluminum,Afternoon,0
B00130,45.6059974085024,371.8259259704279,2.9528279892788767,4.818264042138435,213.4593191475762,Aluminum,Afternoon,0
B00131,61.97236277138034,398.3422333475004,2.397570120128007,4.938349676076193,212.7512918223853,Steel,Morning,0
B00132,67.42158395501386,376.3413538932333,1.778702616970958,5.292618326199548,192.14498599910746,Aluminum,Afternoon,0
B00133,66.62142690708153,407.29357825758376,2.11006609277986,5.155854359474584,177.1937051771269,Steel,Afternoon,0
B00134,80.1995173329831,428.6546963621998,0.7555604278298612,5.066463567170318,202.85650862016183,Steel,Night,0
B00135,48.91444872334346,349.55724837383354,2.611303828284137,4.825759971953224,188.8004365096939,Aluminum,Night,0
B00136,44.287488522492005,412.6374612122001,1.9558936376599148,4.40536497528676,202.15622901348937,Steel,Night,0
B00137,81.49770019230604,377.54987106230715,2.9651687005240044,4.423473185380204,220.1829478032785,Copper,Night,0
B00138,71.02746954597869,466.0729387938002,2.0910718593821227,4.500879059917397,206.56238023806645,Steel,Afternoon,0
B00139,60.42902730437672,344.26872985101863,2.5852789581658127,4.9123979971385845,219.44383563832594,Steel,Morning,0
B00140,66.37279018454365,349.8741865217973,2.4994068569880996,5.298213331315397,184.82780298475143,Aluminum,Night,0
B00141,66.94574098048854,382.02148909815946,1.363652878670672,5.290119670988265,216.31183608021038,Copper,Afternoon,0
B00142,60.235833677312165,353.71781424930805,1.1490265630830292,5.238114728623231,225.148968974775,Steel,Night,0
B00143,66.13422696553147,388.7809493506544,1.576233958578775,4.845471354944588,200.9648301006204,Steel,Afternoon,0
B00144,67.83850699728096,373.60572469421436,1.6681033610220928,5.343278949835133,234.83080090546534,Steel,Night,0
B00145,81.1242420909026,404.4206188850906,1.1002117548416097,4.720678827113047,187.13853182407092,Steel,Morning,0
B00146,72.70760977828434,450.4036013912077,2.7364946833774297,5.256018031657662,190.41749195360822,Steel,Night,0
B00147,78.9145851219366,403.5639802842137,1.856369655751615,4.497627104063583,209.74903325642703,Steel,Morning,0
B00148,54.251428130616844,408.11772804082386,2.946110980383924,4.646866326833835,200.81698317245284,Copper,Night,0
B00149,62.22242192305714,347.133869859395,2.5250444451156584,5.495784518291169,188.85639000828158,Copper,Night,0
B00150,66.937975871453,393.2970223092435,1.889262150979865,4.938849615851239,209.28656114923652,Steel,Night,0
B00151,49.631193974936295,378.91227641953014,2.867600695360898,4.795709042175066,205.3331226999859,Steel,Afternoon,0
B00152,74.45487470487424,434.08204818202427,1.7621870377382676,5.3308276125996965,191.20584985201626,Aluminum,Afternoon,0
B00153,70.13767817849009,361.7716508398651,2.7177662812966763,5.365211487067182,202.8357743906656,Copper,Morning,0
B00154,62.06273184036909,356.96722037443834,1.3953619529895138,4.870015757570234,211.3853828094639,Copper,Morning,0
B00155,63.53332525199372,415.8714598573674,1.446605958510235,5.083539035882641,190.8731182025223,Steel,Afternoon,0
B00156,75.03093511058998,499.00515271864697,1.5453267074273278,5.041072227622143,207.7549371446133,Copper,Morning,0
B00157,58.63649641890427,391.20256880126686,1.8665641148581154,4.151869567781,186.99435158717978,Copper,Morning,0
B00158,75.3534827972983,408.41042031152494,1.8837256754970602,4.581241976370881,189.89263428537728,Aluminum,Afternoon,0
B00159,62.9836901073097,447.4010924177393,1.7409973041927105,5.282676324254623,216.67380969830415,Aluminum,Afternoon,0
B00160,71.04796842221533,425.4951949307636,1.2650024339579187,4.750218725287175,209.20619439659646,Copper,Afternoon,0
B00161,65.6941136446319,425.82397401910987,2.8180161619770776,5.158951368819519,171.69743737838414,Copper,Afternoon,0
B00162,82.86555077320949,395.2403774040998,1.9714652433731357,5.07891213540366,194.386630624362,Copper,Night,0
B00163,57.90086087913979,396.21324086108694,1.5193480404789872,5.364629831038364,207.34545161889739,Steel,Afternoon,0
B00164,60.41373901938453,362.24257311367353,2.1279424018590456,4.590862553477643,202.08298425782507,Aluminum,Morning,0
B00165,52.95099617848935,424.31866271506914,2.419916894524513,5.118261752288376,209.2730636777593,Steel,Night,0
B00166,56.22594266376543,423.17772149993215,2.901820220570608,4.980375662559367,201.73972489673446,Aluminum,Night,0
B00167,70.70502486155613,435.85822638469017,1.7488729056689565,4.763067697797516,198.01103489781,Aluminum,Morning,0
B00168,77.80130911092049,375.59477647233274,0.780246275876897,4.760961076916229,197.55256796244137,Aluminum,Night,0
B00169,71.61184696288221,441.50671996893027,1.6019145035913533,5.068244264247699,216.36768970391805,Copper,Morning,0
B00170,64.95686800218508,456.66673940739685,1.6974264036336786,5.188901051315537,210.42409379645935,Aluminum,Night,0
B00171,57.85108398675157,339.30209408618697,2.7424851954641847,5.019078884763289,206.07115705618193,Steel,Night,0
B00172,72.1873493730172,385.1563710321297,1.4870019211573826,5.028414275557184,201.33249648351168,Aluminum,Morning,0
B00173,57.4111847585133,458.7511790980419,2.883310662217846,4.8504516787891925,191.76771962929672,Steel,Morning,0
B00174,54.20838612555393,367.5222150073557,1.712829769285837,4.870344254885083,195.3986950375769,Aluminum,Morning,0
B00175,62.53224533432076,426.43812635916703,2.9344512524473223,4.762258892492631,215.97006686655317,Aluminum,Morning,0
B00176,48.72847506489203,400.4288001001216,0.5204958028274055,4.8444195044914915,214.55753741804324,Copper,Afternoon,0
B00177,53.94892100358201,416.5439660711754,2.7470384370158665,5.178402677550499,190.27141355456848,Steel,Afternoon,0
B00178,80.08792268706256,401.95281513461055,2.8278011298583765,5.211921687330155,201.4987977158735,Aluminum,Morning,0
B00179,52.46553260433278,437.30854922821356,2.9025523394130333,4.6172373152581585,207.47700983921098,Aluminum,Afternoon,0
B00180,55.494812951633506,348.9241432068061,0.5326913354365371,4.7310689974155204,206.49776617109995,Steel,Morning,0
B00181,65.57466326165331,354.33383779388566,0.9292520913757725,4.786880592899243,206.38224024595146,Aluminum,Morning,0
B00182,65.99123104024012,473.2256775133428,2.1344112577330905,4.980788941470076,183.31887772434897,Copper,Night,0
B00183,63.12300562096917,505.0181639992659,0.5636817293377678,4.495054158189079,182.42773867178283,Steel,Morning,0
B00184,48.97301000887108,399.7290280686819,0.6590224904412518,4.736327885678498,217.5529211504197,Copper,Morning,0
B00185,71.78791462110232,485.7633021075855,1.0526971842336048,4.584325546093378,222.63537798337782,Steel,Morning,0
B00186,61.45557280193603,361.41126764932386,1.7810994218597105,5.120144640263035,177.77718291434815,Steel,Morning,0
B00187,74.76359617739921,373.42070582570216,1.8647563981670188,4.991097517300321,199.58359795033005,Steel,Night,0
B00188,59.84145902776922,472.87437558726856,0.5856528069837609,4.861235742367289,212.21076195999984,Aluminum,Morning,0
B00189,72.85995471312461,440.2053264311679,0.9259181269538279,4.681016815769594,166.94332244360382,Steel,Night,0
B00190,75.36866759263548,480.3213548966129,1.7492641833366382,4.865871064613241,183.89993212881433,Steel,Morning,0
B00191,61.26446179396944,423.42778845295027,1.984851552358513,4.830592365272624,198.61704466809306,Steel,Night,0
B00192,72.04360155284517,349.37269617428626,0.8710042412155384,5.4903999657559615,191.04142015912677,Copper,Afternoon,0
B00193,54.37164257506882,411.17886787513385,1.4971035298674267,5.299105913474531,203.13715251718324,Steel,Night,0
B00194,67.10951589655595,460.1001269234005,2.761003591292381,4.792787622221324,222.05723041525533,Aluminum,Night,0
B00195,74.77782166683872,393.3632398676914,2.99724821761543,5.049558602285737,187.2080355873015,Steel,Morning,0
B00196,69.14794276771299,385.67832407471406,2.968036137077853,5.283262593975799,200.7540933697306,Steel,Night,0
B00197,84.24979138282592,424.1926701482061,2.704186275717181,4.792695743811113,194.82805815508726,Copper,Night,0
B00198,69.59486393832924,372.0246867227403,1.4866502198748646,4.574866777708019,202.0454796210971,Aluminum,Morning,0
B00199,62.07782997913999,414.77502415567506,2.2164357301869604,4.460942443720213,200.0870017867414,Aluminum,Afternoon,0
B00200,87.72709114401198,403.17507323357285,1.5414805694604967,5.381680075974383,239.55797298698815,Aluminum,Afternoon,0
B00201,78.06960813878041,375.479276962579,2.1213175670605073,4.942681285559025,222.3436618827137,Steel,Afternoon,0
B00202,52.17673950561283,449.0368615933707,1.273581177423708,5.08739756986241,176.2859671904415,Steel,Night,0
B00203,58.72669116057348,432.2993969475387,2.01550563402583,4.827728787404282,186.49797855541237,Aluminum,Morning,0
B00204,56.69473514366941,382.3164707856687,1.8093962413821247,4.6196303244530945,188.3321411268708,Aluminum,Afternoon,0
B00205,70.16503683607245,399.2519367529963,0.5612006645329999,4.6756097525482705,181.485867738083,Copper,Afternoon,0
B00206,69.5692642945343,386.43622000760814,2.4767572593652845,4.597689562312217,179.47455528816297,Aluminum,Afternoon,0
B00207,69.50761545916399,368.06761803785236,0.5297445806128891,5.254998324340662,197.32450362957826,Steel,Afternoon,0
B00208,51.960724324008396,315.0865163796482,1.2328898556332544,5.447768347499615,188.90468653982538,Steel,Morning,0
B00209,59.895267627159605,375.8086127821964,0.514810163635006,5.011173188742506,186.63809500301053,Steel,Afternoon,0
B00210,63.80571796221085,368.7986250842189,1.4405035332379954,4.544660272039881,230.30710965639196,Copper,Night,0
B00211,50.424635605434226,405.74453539176795,0.6579013204103483,5.148975257250682,189.9368356886048,Aluminum,Night,0
B00212,58.025377867536875,422.0349400764123,2.783777417078103,5.379495399497763,193.352484082802,Steel,Morning,0
B00213,75.85146968132585,359.8907665098557,1.5391982379071716,5.291500030245018,211.12184730488923,Copper,Afternoon,0
B00214,52.56739201624329,418.6748680863503,1.6487394371610251,4.991260685454502,193.3020729188838,Copper,Afternoon,0
B00215,76.64208394974784,352.18771085666623,1.3746255902271372,4.929655329011935,182.51489734322445,Steel,Night,0
B00216,73.72919274028402,393.73537421807725,2.068765385504416,4.9888501036370805,196.13090444222405,Copper,Morning,0
B00217,62.67410224156415,369.87904496695836,2.4610202915455095,5.367574701493015,230.13100134344154,Copper,Night,0
B00218,59.809016005058524,437.30868190395216,2.120366857622445,5.228109628346415,192.77836864602614,Steel,Morning,0
B00219,71.65462097716241,405.8386549997299,2.3705177959878188,4.884272900113009,186.32349896255226,Copper,Morning,0
B00220,58.698078712834956,394.49160370841105,2.7649341587731513,4.876725417262881,206.30345496273532,Steel,Morning,0
B00221,59.09601640043101,368.7375119942557,2.6588663291785717,4.855491485377795,195.41128268510045,Steel,Night,0
B00222,64.80905276796217,383.5579345811731,2.1851461318842396,4.68061020993431,241.0849119150957,Copper,Morning,0
B00223,47.958131233704655,491.4530406163026,1.0365949072610716,5.405551470723616,188.196545724101,Steel,Night,0
B00224,53.40019521278635,374.9457939638727,2.094257127604822,4.763652875676068,226.00596080315074,Steel,Night,0
B00225,62.474710007988136,423.97034587982415,1.7652077393512773,5.147082819700026,217.45084324833567,Aluminum,Afternoon,0
B00226,68.8055682577008,394.36768415561556,2.29304807752605,4.8015717085046505,194.2798204531716,Steel,Night,0
B00227,58.58740849537057,422.5412657287019,2.5823291209822874,4.856832835389992,199.94727058015405,Aluminum,Night,0
B00228,63.41911617582654,441.84879363466194,2.3568037429660436,4.965835769983109,184.5518021218323,Aluminum,Afternoon,0
B00229,52.092324734898945,382.3010753339462,2.616402924903213,5.163572727450262,191.9233770556548,Aluminum,Afternoon,0
B00230,72.45987081816256,435.48867132225615,0.6596659333525596,4.9222328354643565,194.17331255596497,Aluminum,Afternoon,0
B00231,66.76065863648785,537.8319738502919,0.5790500955936599,4.6582384485148,202.36780296515684,Copper,Morning,0
B00232,67.46836722111374,428.3769997095852,1.1462514192489848,5.00572439932373,178.80979811038907,Copper,Morning,0
B00233,68.90600494387915,480.6790732299898,2.751665210271571,4.769998460242511,204.67227005504438,Steel,Afternoon,0
B00234,65.62502002795829,424.0523000053307,2.5591481274599346,5.463151492074359,197.81197368055027,Steel,Morning,0
B00235,61.129817931408006,353.4019188901247,2.206818244488279,4.922016649258223,205.9716170151925,Steel,Afternoon,0
B00236,74.03723638976247,413.7846998626492,2.25189666859929,4.7996091985786595,208.2095996336654,Copper,Morning,0
B00237,66.25504918208618,383.4808101895035,2.3166761731455314,5.5924402398960025,196.61096834216323,Aluminum,Night,0
B00238,63.6742445706126,370.2029651341213,2.8565067512118674,5.221666910732742,207.3229666533693,Copper,Morning,0
B00239,64.93076276863597,396.37073947988574,2.580477880768894,4.730967765858735,198.69235757861102,Copper,Morning,0
B00240,64.76027946809008,392.26249606356237,2.0584759675676185,4.762725782001019,211.152094841421,Steel,Night,0
B00241,63.593875168597506,347.00375471035693,2.1642885881428513,5.142254894327205,204.74188724539584,Steel,Afternoon,0
B00242,68.56885090006325,535.4230792359897,1.0343506551528048,5.013042890310469,202.7156225171906,Steel,Morning,0
B00243,57.51311822302105,440.39354572360986,2.143297062890681,5.267052662816142,198.463310357989,Aluminum,Morning,0
B00244,58.097671714077535,412.2195122921057,1.5616975310461463,4.8011971097025254,219.4372386942502,Aluminum,Night,0
B00245,69.47410951542909,404.49400556254864,0.8824046765143594,5.210332737439543,206.07777843942534,Copper,Night,0
B00246,63.83808527417763,460.1174309810948,2.516007048116436,4.328513497667587,180.17806290502102,Aluminum,Night,0
B00247,72.77114481714477,503.77851811547464,1.7756177495078642,4.953667439222368,192.9207384610418,Steel,Night,0
B00248,68.2710320050549,434.25426860062873,2.943562604223554,4.81484625619678,196.57122787509746,Aluminum,Afternoon,0
B00249,60.57897671939014,406.05963523921605,1.2041983861863124,4.863486013799774,199.98315259541292,Aluminum,Morning,0
B00250,69.60077090502939,473.63220359888084,1.7016752807626918,4.969137606162176,202.6506102683976,Aluminum,Morning,0
B00251,74.57752766367149,407.11796214679305,1.6199886366721703,5.341551091878109,185.83674928584782,Aluminum,Morning,0
B00252,68.57583644897004,421.7657404812551,0.8019488060814468,4.653788036203686,198.98003209377612,Steel,Morning,0
B00253,70.32467954453438,450.0505460015919,1.5652881970769488,4.343587098677,195.28817979117696,Steel,Afternoon,0
B00254,63.625833195172774,380.676043106287,1.2188836410523123,4.688583928666516,216.27116364130939,Copper,Morning,0
B00255,72.94431906304402,296.20828012970514,0.900801178417336,5.306730779578448,185.07382536018085,Copper,Afternoon,0
B00256,60.35447668056285,378.2459887334991,1.2053889600903482,4.506502599352528,199.73932099987752,Copper,Afternoon,0
B00257,67.70834420592413,438.6500464689693,1.08312922816598,4.828415707824537,189.7192233148931,Aluminum,Night,0
B00258,85.55604921948746,435.12754488590895,2.3351838275146948,5.25187321244355,227.94493873279689,Aluminum,Night,0
B00259,69.31104844820528,467.1335054706301,0.5769379456479002,4.982471437023694,218.8492040398022,Steel,Morning,0
B00260,61.634310155265055,380.1584483065244,2.043656869783053,5.338612016255096,175.36463126914103,Copper,Afternoon,0
B00261,61.613662066468805,479.04626214733815,2.4016533550590164,4.389531354965149,188.05679472371392,Steel,Night,0
B00262,64.42926642167724,409.25339152259806,1.701808641172433,4.903517273740695,213.06384938101579,Copper,Afternoon,0
B00263,71.80996625383528,430.220658128184,2.828912450019796,5.4011531499064995,206.85924572064803,Copper,Night,0
B00264,66.16622007333906,445.1806379147153,2.2697017380913382,4.661935506160351,206.3889767396947,Copper,Afternoon,0
B00265,59.81177749409282,330.91671865531515,2.3698091282785434,5.310442953016426,202.86279058639386,Aluminum,Morning,0
B00266,59.79762405769048,349.75514036865377,0.9923337186021757,4.929292885081951,214.26799827601872,Copper,Morning,0
B00267,66.21639464818384,348.0954741466377,2.4432389395976837,5.130238827516777,211.71464906596188,Copper,Afternoon,0
B00268,65.33915989391032,453.61085924244094,2.580236840207787,5.379397072106762,195.6416579042075,Aluminum,Night,0
B00269,68.63980935295217,384.7271694130386,1.403165971014974,5.128950845314427,182.0111225010961,Copper,Night,0
B00270,72.33991916627916,501.3790986662359,1.0334076700824282,4.82262513218919,174.6490210821028,Aluminum,Morning,0
B00271,86.818877619276,400.16879874461296,1.4626266980090417,5.1686188256375685,198.44541912144348,Aluminum,Morning,0
B00272,53.3037318658592,326.4313075959249,2.349019922500343,4.8014600464156985,172.40147503634358,Steel,Morning,0
B00273,70.49489701829152,366.3791244647408,1.5440975146717568,5.0820100558356165,203.76495085513113,Aluminum,Night,0
B00274,65.78646166710632,405.8688181609664,2.34162968806197,4.624447112172568,195.37952692823885,Aluminum,Night,0
B00275,50.24339015111529,425.75949320967396,0.7839113524438441,5.008728402023689,229.15866554692158,Aluminum,Morning,0
B00276,74.99624578921382,350.7581135958813,2.515029276221211,5.356787923486629,205.1469390873846,Copper,Afternoon,0
B00277,68.36938581265558,428.42403859031356,1.1330187041058934,4.910369083230482,199.56162230656523,Steel,Night,0
B00278,71.39845034256125,441.77713785229787,1.1223224692864844,5.328107131654793,175.75745420404508,Copper,Morning,0
B00279,51.40464843921854,367.9526200222335,1.9759524130096517,5.928028859201271,181.06518372025994,Aluminum,Afternoon,0
B00280,63.236664580014335,498.45786060295734,0.6752951143674741,4.991315805556637,210.22031213399404,Aluminum,Night,0
B00281,56.366424440845634,373.36704883247216,0.5657443167116714,5.184257646872595,195.303550085164,Steel,Afternoon,0
B00282,82.30480754144489,350.00609628922285,1.1525716632336231,5.143058775464617,238.0306362205925,Steel,Afternoon,0
B00283,74.15640276595505,323.53887426367294,1.8451688768370569,5.067531097752224,198.75423057747108,Aluminum,Night,0
B00284,59.5522577337163,461.03203493460813,2.769040965563068,5.236368807247668,202.5338342020813,Aluminum,Morning,0
B00285,52.706888792403184,401.14414386729516,2.616087940768267,4.925571490438201,180.24654527783107,Copper,Afternoon,0
B00286,66.55244053107003,376.03570052678054,1.7261161498024387,4.8012367699176375,214.21147348272973,Aluminum,Morning,0
B00287,73.73937601835487,326.29307822840866,0.5926299842337319,4.542103168570848,186.11418668876334,Copper,Night,0
B00288,51.11957115651256,380.5374538216518,1.8381318365732728,4.897172452073951,207.8661812286603,Steel,Afternoon,0
B00289,57.545802632054645,519.0722693838056,2.261988999813239,5.270430249540611,212.17689971255942,Copper,Afternoon,0
B00290,56.15532232788833,292.7756248119441,1.3479113313125843,4.718060866642061,201.4278988860204,Aluminum,Afternoon,0
B00291,71.9355693272847,368.4170799483725,0.7776582582041367,5.074003368959827,226.35456403455956,Copper,Afternoon,0
B00292,62.0413672916439,489.6391985021105,1.1964198830141486,4.963067040940721,190.83945392524626,Copper,Afternoon,0
B00293,62.37650782097996,462.4486523534761,2.428972161169535,4.8137845630872205,225.1331031968232,Steel,Night,0
B00294,66.39723744511174,371.4687165859359,1.3781095807083208,4.44408790107402,180.93580972100148,Copper,Afternoon,0
B00295,57.97375350136789,410.1797548467653,2.5299537267142753,5.408856409736236,211.98542737819454,Aluminum,Night,0
B00296,53.45050610617948,423.1468702347205,1.2988036295186896,5.155157159115014,197.86379778062815,Copper,Morning,0
B00297,75.95748129888229,406.6919290903634,0.9088875960345453,5.799586348312778,189.378011133301,Copper,Night,0
B00298,76.69988566783675,489.2225104804588,1.5896208987840206,5.323823904187263,175.08081876901974,Copper,Afternoon,0
B00299,66.43665967570543,416.9877102728977,1.6306862807228475,5.402163193594564,196.08996284124783,Aluminum,Morning,0
B00300,67.01724404534096,456.77581454815186,0.5402705463733424,4.475193880692981,195.14277379728944,Copper,Night,0
B00301,75.08811181264007,409.07993845478074,0.7926126817658153,4.469949390631532,202.59359334431687,Aluminum,Night,0
B00302,66.25322845282992,298.38055936367675,0.9623150469320436,5.012693618315776,210.8722246446611,Copper,Night,0
B00303,61.64737675245083,340.37936233217584,0.7839682934466872,4.655565372955606,187.87300740341982,Steel,Afternoon,0
B00304,65.3147130142197,350.75610753469874,1.3538151885534095,4.795613945946792,226.374015217559,Steel,Afternoon,0
B00305,76.14534909733977,387.53570713619973,2.9115571390425448,5.757879254037491,191.92197931541574,Steel,Night,0
B00306,65.42657334743045,503.9207119507196,1.773056345817695,5.356962851504559,209.032909685411,Aluminum,Night,0
B00307,59.64493972277158,418.12057314377256,2.068890059676616,4.719303337300461,201.35251074894924,Aluminum,Morning,0
B00308,66.17601639428078,394.71059489676173,1.3909661963075703,4.290163845929038,197.01935429516627,Aluminum,Afternoon,0
B00309,70.24978510028612,461.9278998077824,1.3087194041078651,4.694018798568785,200.6008577339755,Copper,Afternoon,0
B00310,69.29002795924559,327.4058162249126,0.557866929787521,4.832841667118383,185.89568722744093,Aluminum,Morning,0
B00311,69.42259158457287,375.5152414925881,1.750834139190056,4.903620899221977,194.18650801141354,Aluminum,Night,0
B00312,58.386578566932556,368.13356730299796,1.7090225168791657,4.616286124677014,179.90367120055777,Aluminum,Night,0
B00313,71.16082853246766,419.9020779734069,0.8945768154528075,5.338955177699239,191.76094495819595,Aluminum,Morning,0
B00314,65.22772751369831,444.7918146176983,2.410810000516759,4.786561761842524,192.99999609473093,Steel,Night,0
B00315,59.30567066024436,423.5742776013615,1.7316858257775074,5.194573301780813,212.67832044157015,Copper,Night,0
B00316,71.09721370921626,424.3658241609456,1.3474849254039332,5.016166226567306,195.02112209979416,Steel,Morning,0
B00317,61.370889208665886,381.9445440391027,0.8672722725573174,5.281543116525812,193.2787756439394,Copper,Morning,0
B00318,52.40562121155558,416.03799290580696,1.880402067427531,4.928623901467087,203.3006024998106,Copper,Morning,0
B00319,56.995180951117426,358.0081064609805,2.382042565222024,4.722504068402609,202.71278913983843,Steel,Night,0
B00320,63.546904535623334,433.70694675039,1.2049983817124292,4.82042383876941,191.1343899302757,Aluminum,Morning,0
B00321,69.62641825689023,374.969849766834,1.0469858789418063,4.824654465692658,205.91342588778198,Steel,Night,0
B00322,58.087440383295274,343.9245219849813,1.8048374101614424,5.61936516547287,197.32029203482918,Copper,Afternoon,0
B00323,63.07470031649972,401.8909717916043,0.8883582562750423,5.022951581551786,191.1100504901749,Copper,Afternoon,0
B00324,55.267142146695534,304.3441917827656,2.1665334664857125,5.001389844411163,192.56781753591508,Aluminum,Morning,0
B00325,72.85626332991849,473.71850359980033,2.0133590698605763,5.2646079622125646,214.24026034027915,Steel,Night,0
B00326,78.73864891164442,439.85494984558494,0.7177051239785716,4.999979043573761,193.01858010110664,Copper,Night,0
B00327,77.87426019590657,416.8484925123901,0.5913009484534346,5.336502895794311,203.91688004759214,Steel,Night,0
B00328,72.7198364038891,318.81576273026246,2.050721631471462,4.888376671789666,180.76399603429306,Aluminum,Morning,0
B00329,71.90007965696209,364.9904908463293,1.235734434971852,4.857908074876193,216.7295749758839,Aluminum,Night,0
B00330,48.42496380477438,402.02792174359263,0.7161143829334964,4.705917951195552,191.25508588762264,Copper,Night,0
B00331,66.41738585776085,386.84476144873963,2.3985717623912164,5.55501419901521,206.0043424511583,Aluminum,Night,0
B00332,61.03125901072073,315.5717517276264,1.2851100075441102,4.979052552870319,196.22647807995355,Copper,Afternoon,0
B00333,72.0437308883592,334.17854972319293,1.648998874095559,4.647787262113551,205.83251236688687,Copper,Night,0
B00334,44.699216994549374,385.8452801543211,1.0920323186344232,5.059048166593765,206.6516033054704,Aluminum,Afternoon,0
B00335,66.54374162216142,335.8355300708084,2.0682926958949115,4.804983836880968,197.83005109684842,Aluminum,Night,0
B00336,63.28444972934078,468.5693661941631,1.2537210383858985,4.8831196305638205,172.01053177558595,Steel,Night,0
B00337,73.94743946345123,424.7269179702916,2.920052403069071,5.093226029518315,216.36522664112363,Steel,Night,0
B00338,77.38389642939791,359.82679453804843,2.2573688715422664,5.45629557207623,197.90146006548747,Copper,Afternoon,0
B00339,57.569231863897855,458.45774140078566,0.8418056909336644,5.030475607451912,205.520090107611,Steel,Night,0
B00340,57.93031651282548,448.3853294336845,1.541737099183667,4.786688968863455,210.37578034862403,Copper,Morning,0
B00341,66.84397296969371,414.447917819346,1.4635527493246965,4.8485255473117315,193.14238779285455,Aluminum,Night,0
B00342,78.87010153217233,398.0206883268023,1.8356177768009578,5.196934156073141,207.75703184906695,Aluminum,Afternoon,0
B00343,65.48115741826413,385.076309588508,2.604826686198133,4.4124977252639175,188.7859685881364,Steel,Afternoon,0
B00344,54.766708677165354,373.00306461091714,1.9585550379575043,4.687195317111172,205.81314284717823,Copper,Morning,0
B00345,60.153052430693656,333.16040403960733,0.6538916939999981,5.063793822859202,200.29554145216807,Copper,Morning,0
B00346,66.6213133157077,476.41643775489996,2.1385392420071376,4.487999126787575,193.66257284749315,Steel,Morning,0
B00347,66.92161942851165,373.97433906143914,0.520663244864646,4.906244636259541,200.70488255469496,Copper,Afternoon,0
B00348,59.36729891526102,401.41003048561663,2.4499011513509825,4.856520489302746,184.17209789905772,Copper,Night,0
B00349,59.99367444976303,354.4876071849691,2.1665901810281047,5.263234556622701,204.63559891510846,Aluminum,Night,0
B00350,57.147456043548814,387.0274741695335,1.271964145881465,4.9249153000642405,206.19233118534228,Copper,Morning,0
B00351,74.12936947083037,542.5388711934871,1.2311045114737893,5.3560074147809145,205.18460209856173,Copper,Morning,0
B00352,58.321798565652884,363.70010481273863,2.495682491365764,5.023661906971419,222.53256241311473,Copper,Night,0
B00353,61.28164636865373,472.42978872707755,2.4583417298115515,5.53293533924278,198.57539428842475,Steel,Morning,0
B00354,61.05397666780838,398.609724142305,1.3807558859418998,4.583753310682469,199.60815991808144,Steel,Night,0
B00355,52.15234201987687,433.9969231747323,1.247369320199451,5.485138052380393,182.4459589831745,Steel,Night,0
B00356,58.09267756145748,462.2290127698126,1.899561972206975,4.876661853131183,223.58704237314356,Copper,Night,0
B00357,74.82510079429231,413.6133692202999,0.5209141499603605,5.4421849103679225,177.5278490729824,Copper,Night,0
B00358,55.32569726567418,382.4146421809855,0.7066675949663557,5.35557040996555,203.42845410049816,Steel,Afternoon,0
B00359,57.29086158538906,390.695451085878,0.8154239753718419,4.144427647765197,190.7782838943712,Steel,Night,0
B00360,54.33963380976593,392.3785759176831,0.9635295445679355,5.143750463095952,200.9347491901196,Copper,Morning,0
B00361,64.27510751814991,493.2185278457706,1.7800453166886727,5.2992859288423695,180.37911091810113,Copper,Morning,0
B00362,80.08381377013032,325.79371114198045,2.980604787152805,5.398577821001335,213.37495204656318,Aluminum,Morning,0
B00363,63.93844622778343,311.4636521103604,2.1315335043683836,4.647008844266173,185.6723060255069,Steel,Morning,0
B00364,65.53409700283511,314.7973541401116,0.653246986123059,5.177102869104269,217.4937966964923,Copper,Afternoon,0
B00365,58.63642211306409,355.3034283213789,1.8139484351556043,5.058522103599718,186.08584322215566,Steel,Night,0
B00366,64.50705564166182,435.0041538599181,1.741613030973761,5.129422690089897,214.6281862865661,Steel,Night,0
B00367,74.83240245078093,438.07096462020985,0.8604195395451237,5.299680945977905,187.53552685416477,Steel,Morning,0
B00368,66.14327510110539,369.6248679296646,2.8006809220060194,5.34701295581793,190.7808543310224,Aluminum,Morning,0
B00369,82.05416065649732,398.575423617008,1.6019131191884224,4.803277113570658,199.9723086745382,Copper,Morning,0
B00370,75.07583769844553,344.18506824560825,2.9863978515243494,5.079625799553997,187.28109944774326,Copper,Night,0
B00371,64.30946923644053,348.8223856296816,1.5501807381304107,5.012340595163638,186.8393632312994,Steel,Afternoon,0
B00372,64.15369699526308,428.99334195057725,2.0198942567090232,4.928194213319103,187.45488045502168,Copper,Afternoon,0
B00373,78.04738510098905,452.38420305541985,0.7619063411286002,4.956867436649288,204.7828337690891,Aluminum,Afternoon,0
B00374,66.09860460684183,376.15905877849286,1.635569559517173,5.058796172616991,199.99325901976607,Steel,Afternoon,0
B00375,76.27137248217379,481.75075604154017,1.0969147350099333,4.81940551925982,200.78946841840468,Aluminum,Morning,0
B00376,81.02325872101333,448.2802674393055,2.5889119964280876,5.264911033559264,195.13050718458686,Aluminum,Night,0
B00377,63.36624505740713,479.5862926127775,2.4597989621688496,5.380792486487555,208.23049849791005,Copper,Morning,0
B00378,67.81564292748013,384.9530965452541,2.560449999063396,4.753827033324232,215.75087046680935,Copper,Afternoon,0
B00379,72.84003347653103,476.0343122816323,2.3090235943948785,5.395498966381736,208.6342559630184,Aluminum,Morning,0
B00380,71.14000031218016,508.97713199878876,2.5817080590501282,4.754391972732158,196.86542673126007,Copper,Afternoon,0
B00381,71.08392586336402,379.374123332199,1.0020718754373021,5.269336073506936,181.68822374488514,Aluminum,Night,0
B00382,54.33220938257812,392.2915480815957,1.630109441449504,5.394943643177171,170.34378950473882,Aluminum,Afternoon,0
B00383,58.2126661747056,352.61407487968006,2.2296171998649204,4.971646791176048,199.02702724440357,Steel,Morning,0
B00384,61.0378638324705,342.7892451919586,2.0934812448378373,4.7568506774048664,170.10212880662672,Aluminum,Night,0
B00385,74.7153664277494,343.37243293668524,2.2908862071852174,4.823395100686511,197.01041999996642,Aluminum,Afternoon,0
B00386,55.117000742984914,359.4266934106354,1.0606459578780791,5.108557059694657,221.03934798209858,Copper,Afternoon,0
B00387,77.18581365743071,413.73689894927855,0.7460867726124744,5.58939632372299,182.69794924053187,Steel,Night,0
B00388,71.23867291262947,361.5400230289324,2.792016445186941,4.492180147688987,180.70839577979135,Copper,Morning,0
B00389,74.23384179778219,412.2081277293434,1.9004297389183962,5.030072589443593,209.55401344121333,Steel,Night,0
B00390,57.56373538204001,413.2422575597476,0.8845648112685274,4.973578355270896,157.91387871064708,Copper,Morning,0
B00391,65.57841890152105,376.49378030628105,2.483591454718404,4.863043471469567,205.72712210593176,Aluminum,Afternoon,0
B00392,67.39154228905053,396.86814477153473,2.7873248415732066,4.975765417481416,222.0276391359124,Steel,Afternoon,0
B00393,67.03973601618155,373.60438036568434,0.9239087964277727,4.837340953445277,186.91272635907484,Steel,Night,0
B00394,67.36525920677374,384.4630113361774,2.5435311381727765,5.372946623558723,184.33640379323174,Steel,Afternoon,0
B00395,62.787788156839106,359.55685127678925,2.8330626532978207,5.402748142000018,208.85034946399296,Steel,Night,0
B00396,66.08165664850928,404.2052344891408,2.8459040007400436,5.026440581344107,182.4388433386067,Copper,Afternoon,0
B00397,73.2685116405215,369.97270672700836,2.785391154133753,4.9576564959541125,212.1622808560169,Copper,Afternoon,0
B00398,55.66790153247288,341.69670620311024,1.866052530900257,4.85208899821188,183.660351076267,Steel,Morning,0
B00399,77.37640095124323,429.6714444424269,1.3905282931346732,5.027084401325803,226.5260350300163,Steel,Night,0
B00400,72.85519165094757,431.3645600642732,0.5181820192350233,5.554349308660288,209.93458468592343,Steel,Night,0
B00401,57.278384858533336,455.58492678220534,0.6522805671788177,4.9688797291395925,200.570657152847,Copper,Afternoon,0
B00402,68.07068834764257,348.78013126979107,1.5720975382434768,4.748170280592122,225.6613241463853,Steel,Morning,0
B00403,72.21199020926436,375.95363466445065,1.4983153659787758,4.880671432595944,215.47315561777552,Steel,Morning,0
B00404,55.11765340891453,411.52477025448616,0.9617847739247081,5.226040988530664,205.52925165414968,Steel,Night,0
B00405,65.3358274670128,374.89800615938697,1.4887000700791422,4.784678988785719,172.05170099392276,Copper,Night,0
B00406,64.37187759331995,428.5455991903911,0.9366251636384202,4.989888171601243,189.4775893839592,Aluminum,Afternoon,0
B00407,59.835355659944845,424.8966443741968,2.6219781319396014,5.141864940548822,216.2811438330576,Aluminum,Night,0
B00408,65.7388546941121,423.96476780955334,1.2454871946889972,4.807441143184092,180.498109351886,Copper,Afternoon,0
B00409,60.19770739229768,472.98336166521324,1.996410875395775,4.470678283770485,188.5141509004594,Aluminum,Morning,0
B00410,75.9944565517659,432.2038537229225,1.757107654997717,4.678584360844069,184.66853318740084,Steel,Night,0
B00411,59.98684542938072,407.69455557407133,0.6297051939849805,4.742370047338108,206.03535239481863,Steel,Morning,0
B00412,71.33583152010527,390.32322567017314,2.8555842987279156,4.931351808243008,214.4541771629432,Copper,Morning,0
B00413,51.756908899038685,393.8067945911592,1.8180649456262084,5.013289898418583,214.46898377886856,Copper,Afternoon,0
B00414,63.70552156920031,346.78949230799634,1.3126441084795384,5.247110389213133,187.20770905891604,Aluminum,Morning,0
B00415,65.09848925881087,311.71449065249897,0.8953164240826706,4.631823197400588,205.82987783553023,Aluminum,Afternoon,0
B00416,63.44567159507576,423.1878063865532,1.3463165868170894,5.2034860612121525,186.50176074431457,Steel,Afternoon,0
B00417,61.82945362243687,461.1816468781533,0.5512790075584737,4.88872294665506,196.8417725039295,Copper,Morning,0
B00418,59.65987979723902,383.4942538348632,1.4088953883707442,4.464335810335446,207.80252148419024,Aluminum,Morning,0
B00419,71.03632624011922,479.35470795162985,1.828714818261262,5.0040720978152615,215.92063004943776,Aluminum,Afternoon,0
B00420,72.99566284076305,391.17437834592647,2.679665614627362,5.3948802654499906,167.75904509508266,Steel,Afternoon,0
B00421,64.3427129131468,302.31140094434954,2.218436044244494,5.264934365497545,201.47952037112748,Steel,Morning,0
B00422,56.22689993582688,445.9124626864801,0.7789557828331035,4.97711887669338,221.10939955294913,Steel,Afternoon,0
B00423,79.35159465109462,376.03558813809275,0.8693658110949027,5.337731184838625,203.4832914451305,Steel,Afternoon,0
B00424,57.96162053673695,450.4389338760007,1.5703084195459367,5.0576668041641915,201.23919909189968,Aluminum,Night,0
B00425,53.32462193213482,336.123625803418,0.9892693790969695,5.2943566483467315,191.55489272779448,Copper,Night,0
B00426,48.89902466784184,420.6022081073825,0.5696244439568894,4.50151929950936,220.7112945167942,Copper,Night,0
B00427,65.79561517530128,359.9769458227844,2.5125372002951756,4.62509815542192,192.2482385718309,Steel,Night,0
B00428,63.26066891587811,410.0702433281178,0.5488064267449853,5.218710795671816,198.49775914326008,Steel,Night,0
B00429,73.24765319317072,438.3303347287678,2.5767240129950353,5.461784748303447,192.94680232202407,Aluminum,Afternoon,0
B00430,69.88867650756438,426.72005006469425,0.8602599075824151,5.125188719273751,201.62293262772445,Steel,Afternoon,0
B00431,67.3216097966803,403.46839165150465,2.93669602701779,4.85079893798726,221.38477998572293,Copper,Night,0
B00432,62.829062436298,331.07704468938886,2.0096847795654753,4.744845242428013,186.40840204135006,Steel,Morning,0
B00433,73.87981817758133,436.51720902758825,2.3374574290747385,4.905405450921558,201.68829896377798,Copper,Night,0
B00434,79.93911921402027,451.57152189978,0.7762090699201623,5.364091097515029,205.86596750323713,Steel,Morning,0
B00435,73.07183359303923,347.8501487921729,2.6552601836287004,4.897241888513782,187.8150179754598,Steel,Afternoon,0
B00436,61.29174695320632,355.1985392847,2.597980857178846,5.314328372416226,199.1147621583392,Copper,Morning,0
B00437,71.2525244310574,453.6778679016456,2.132481828854294,5.195771937636364,227.77010179236618,Aluminum,Afternoon,0
B00438,61.78328219626228,389.57792187153666,1.7556871614884684,5.514177740128098,173.47266008168071,Aluminum,Morning,0
B00439,56.1594614731202,356.4943331297209,2.3037229328291815,5.060078561460952,193.68198892763897,Steel,Afternoon,0
B00440,57.80768750302444,413.62772067596364,0.5148205383421953,4.985121091645388,203.7583926039514,Steel,Afternoon,0
B00441,62.13457276689803,368.0737806022791,1.9811018884961484,5.32930163170408,194.36085546001615,Copper,Night,0
B00442,65.83167743170836,408.0521065702991,2.6185153373230916,4.719421161410595,243.29371205846167,Copper,Afternoon,0
B00443,81.48464922060367,379.3396664576826,1.3922497179368871,4.866794906866719,208.2303610472194,Steel,Night,0
B00444,57.94648419510506,383.62445899597276,0.770723391207292,4.495998576341045,184.33446255710786,Copper,Night,0
B00445,75.58790791753063,455.5198691928726,1.5521931243580154,4.623702632285601,164.94860967019537,Aluminum,Night,0
B00446,62.46192358645945,276.57376599374965,2.3177611226462673,5.577011563918943,205.1041379412778,Aluminum,Morning,0
B00447,48.86892010043725,427.73753772176224,0.7682530259266813,5.2076943720922095,188.66571314288691,Copper,Morning,0
B00448,60.9541919765573,447.2725389133247,1.0151214005322249,4.58878952510812,219.3334775941798,Copper,Afternoon,0
B00449,74.41357594534152,368.90029294111724,0.8688796170717499,5.358448698388116,195.87701655634424,Copper,Night,0
B00450,67.75735615463388,446.8882677181575,2.4923693889380623,4.788890736141397,191.47472538995703,Aluminum,Night,0
B00451,68.23560958931165,352.0488016579588,0.6572315561312171,5.192285182500019,191.22129264282523,Steel,Afternoon,0
B00452,75.62803207075504,367.0008227168186,2.2164662552860825,5.187804081318701,214.79763760743919,Copper,Night,0
B00453,56.70930968851418,361.24164782044824,1.4161423018829784,5.49949721002481,206.23374559750945,Copper,Afternoon,0
B00454,56.585996559262,447.5646081801292,2.3894781072132556,4.838681074849863,226.33935085686318,Copper,Night,0
B00455,46.89017112562861,312.75261566660834,2.910958546960094,4.77793118384599,196.77339325695218,Steel,Morning,0
B00456,72.01665656994228,482.0073613012787,0.7863632489662058,4.193287245572463,212.9341911807955,Copper,Afternoon,0
B00457,69.49987386903682,384.75307169430556,1.2859626026686461,4.963468061992049,213.1906412661747,Copper,Afternoon,0
B00458,70.79173215672891,430.74560770786775,2.5253135692971425,5.21759894959527,210.1072017959534,Aluminum,Morning,0
B00459,55.535910207545754,426.43539606818655,1.1653959651279413,5.258592150580842,192.35213271430035,Copper,Afternoon,0
B00460,52.16600835264118,407.56158941032595,1.0378014926151022,5.375719813888628,207.1011204506868,Aluminum,Morning,0
B00461,54.44305353253334,369.965696926122,2.5634449446724292,5.086941722599518,198.54136339904,Steel,Night,0
B00462,57.619421821130366,462.1186281463927,2.9677059100149257,5.15143433547175,198.14725593362687,Copper,Morning,0
B00463,77.43167127130283,374.2574367139448,1.8922014753699143,5.020436132214084,187.912845624721,Copper,Morning,0
B00464,73.00101379026002,363.4375671139548,1.1951218708333482,5.212236450665871,168.19491888153914,Aluminum,Afternoon,0
B00465,61.33423487503744,443.8855141761766,1.4964149040001349,4.719727292870003,218.72564546297278,Steel,Night,0
B00466,67.39401594607988,407.2874809768435,0.9253258184590225,4.577460550725425,206.47337553928972,Steel,Morning,0
B00467,59.57310203081809,467.89107875581004,2.404718197226881,4.751378597167615,179.8520267048461,Aluminum,Night,0
B00468,67.91423808625325,396.866645427225,2.4336850445569196,5.064087115275997,210.7656569082197,Steel,Morning,0
B00469,55.895234098064016,367.45623136521266,2.687802480956236,4.609872600258425,219.02203239485362,Steel,Afternoon,0
B00470,71.00201156779146,413.73717365119495,0.5665064089914097,4.810026752118744,211.66501170074244,Steel,Morning,0
B00471,58.20237361932486,377.6191421956298,1.904953354065948,4.81961171508945,186.62542731750605,Steel,Morning,0
B00472,71.44732022834526,368.90387443471474,1.0356385858579609,5.2345463632896365,189.02012161196305,Steel,Night,0
B00473,61.580616734445265,441.5944096827937,1.3522075387308927,5.198028638159114,191.78185977728828,Steel,Morning,0
B00474,58.67939237121381,491.5777533637514,2.4623890382162688,5.0211458276776755,212.91627209305716,Steel,Afternoon,0
B00475,77.90397373799725,387.6769104040755,0.9800841309037405,5.135319464491267,207.18439788752013,Steel,Afternoon,0
B00476,66.41556947915012,351.2629406857035,2.095854376452724,5.141237133190091,241.85437432322277,Copper,Morning,0
B00477,62.42254903161154,392.3271825050091,2.1364154780589955,4.890914132860108,175.38672407423175,Aluminum,Morning,0
B00478,71.06542646681011,425.7400614947962,2.8852347872557518,4.837250208083682,199.21102495147002,Steel,Night,0
B00479,54.28007144340092,412.8739764238735,2.4379023213223423,5.461005924686711,171.08367110985202,Aluminum,Night,0
B00480,73.85490871408287,459.7115847235856,2.5090878678842334,4.253261658559303,208.9497185710177,Steel,Afternoon,0
B00481,63.88444234873241,433.254491913785,1.8290018725447337,4.777608989318824,216.00341927970885,Steel,Night,0
B00482,69.8063017253475,344.82952659450456,0.9669520179059267,4.938865243577029,221.63159175152214,Copper,Morning,0
B00483,52.61701231181531,375.33408246796125,1.563908414295879,5.167985428195804,202.82783139297183,Aluminum,Afternoon,0
B00484,61.940592334936035,330.95829400123375,1.873723933779551,5.340651957830958,171.30035943608405,Aluminum,Night,0
B00485,65.03664111476387,457.2339672815094,2.196048129284281,5.557019481256444,199.24777143790627,Copper,Afternoon,0
B00486,73.24239370894823,300.40563673643,2.019272779579818,4.972486795138961,206.55184841036538,Copper,Morning,0
B00487,70.44328851149986,335.8333834688844,1.484944572293109,4.99257931259305,184.9228061797378,Aluminum,Night,0
B00488,61.86018369906066,374.40987669974135,1.1632827674896036,5.108783018184554,196.02532004716338,Steel,Morning,0
B00489,67.54358205858705,428.1958701552408,0.9205771080092078,4.8406637185013235,180.8442554810593,Steel,Morning,0
B00490,75.05255281381585,373.91732931471745,2.234613465680666,4.644728818383237,190.80943205963206,Aluminum,Afternoon,0
B00491,63.40009213261952,381.7385293142754,2.1134966857812127,4.971124860120795,213.6869985410497,Steel,Afternoon,0
B00492,62.52908031651754,382.723606336365,2.2184311643945165,5.223611687600539,210.20244420186938,Copper,Afternoon,0
B00493,49.8823628579767,408.6391311179123,1.4313186320069873,4.9271229661470555,179.07170735845338,Copper,Night,0
B00494,62.76742131725752,338.9744232364999,1.1560195564268625,5.124030616615428,189.425222785429,Copper,Night,0
B00495,51.082983690523825,352.64114759759764,2.3993033217023134,4.439354806138539,200.8563797716361,Aluminum,Afternoon,0
B00496,64.08532256773434,484.04618493979456,2.4341184876383353,5.005521387025838,203.3978647782181,Aluminum,Night,0
B00497,72.90508114594198,420.11995485985057,1.6390409349171016,4.878966022785702,190.05656365181085,Aluminum,Night,0
B00498,48.042884199625476,438.03910859264226,2.0297602119183105,4.617462873352644,207.14686179982388,Steel,Afternoon,0
B00499,74.87367059696632,402.90142657276084,1.433799160579353,5.197163751075454,199.47076669227854,Aluminum,Morning,0
B00500,62.35821498675041,392.985987587863,2.254868000299517,5.553693670782295,161.35055349709165,Aluminum,Night,0
B00501,64.78268106298715,422.85654730476404,2.589303991619678,5.296987677704266,191.4249450908495,Copper,Night,0
B00502,60.980641758891664,436.38068418380664,2.220583193339124,5.316124701643532,190.99661404834143,Steel,Morning,0
B00503,51.294104939610726,442.303783734586,1.7814565671178413,5.213743110385042,210.17410550584614,Steel,Morning,0
B00504,58.73608660563008,393.672022009033,1.646644898730926,5.1939354348938656,210.44088855767072,Copper,Morning,0
B00505,81.77928054759587,447.76882781391606,2.1057991274393606,4.460170419327345,174.9184584360818,Steel,Afternoon,0
B00506,56.231636029972385,276.68916055851895,2.1995272290033254,4.961614714978404,206.5770763549485,Aluminum,Morning,0
B00507,52.2916611061956,444.61435048625606,1.8968236088113475,5.15260092999376,198.89054231898962,Steel,Afternoon,0
B00508,66.13032821925682,378.6547021628099,2.0623556877684877,5.15942143436026,201.89636612187104,Copper,Morning,0
B00509,64.31378787862147,427.66912231508485,0.7414717062363305,5.381511856780912,190.79259471959404,Steel,Morning,0
B00510,62.41336167363482,367.53361371520685,2.879413790355817,4.690280705110046,199.0725511584848,Copper,Afternoon,0
B00511,65.11558354681804,333.6652734961111,2.4769326593300853,5.182181484622309,217.2549023386751,Aluminum,Afternoon,0
B00512,70.15362088556925,416.9852015658334,1.4348196742669597,4.680487698802216,201.68278638637136,Aluminum,Morning,0
B00513,60.30269120171749,324.92347383394,1.907031527384075,4.936490123048282,199.36359941573158,Copper,Morning,0
B00514,66.55528166626094,380.01612858886466,0.6183113253410534,4.981411097829417,192.81194938705676,Aluminum,Morning,0
B00515,73.19099729704003,359.37851544479236,0.6030695349976509,5.258771274214686,215.78383900615944,Aluminum,Night,0
B00516,57.03769066596164,391.2483730853262,1.1269958377799068,5.223486016520103,180.78818274999185,Steel,Morning,0
B00517,46.42254924849097,439.8604559798636,2.224254105911558,5.036099176313492,187.97045597325624,Aluminum,Afternoon,0
B00518,70.36646793676732,375.5077357272755,2.630369369500029,4.354388743633788,179.9268292732192,Copper,Night,0
B00519,85.02370060482379,415.7288773706306,1.897964699949621,5.133450119897616,203.01027762575248,Aluminum,Afternoon,0
B00520,64.94116277080947,436.9673019113544,1.830331848955881,4.919697056888364,217.69621409623167,Steel,Night,0
B00521,66.61545760852765,369.6372474603106,1.5057738344786649,5.41754176748573,195.0680687364583,Copper,Night,0
B00522,62.63353253524807,370.36232356404486,0.9039948898950529,5.346048063302111,183.9589169783771,Aluminum,Afternoon,0
B00523,77.70448673208207,468.4664451100105,0.7958852533164689,4.718593127928303,224.54669725557457,Aluminum,Night,0
B00524,64.37794453644106,396.03056801110466,2.4016994030524152,5.174652271697176,206.769245999726,Aluminum,Afternoon,0
B00525,63.50748671988052,425.45693965659376,2.818758878241439,5.180573181848121,204.1628621545142,Copper,Morning,0
B00526,72.28691051415362,425.0780546179612,1.6457080409656828,5.158755073885078,197.14714036740497,Steel,Night,0
B00527,61.12581630242543,340.1006196961011,2.148614146789096,5.11987432242368,210.0352125778622,Copper,Afternoon,0
B00528,54.72245039139317,361.95620619140027,2.786144127202353,5.1890463759404755,203.92783346418005,Copper,Night,0
B00529,72.05840303636555,418.767368177001,0.7252840823353613,5.450445744672199,192.7809735743093,Steel,Afternoon,0
B00530,60.267622338622836,296.63425566381784,2.4262036327975744,4.834585900032039,195.29296059780708,Copper,Morning,0
B00531,57.1963197785919,389.43511914807874,2.042042210938938,4.728257113022864,184.7016979848045,Copper,Morning,0
B00532,81.8003852685855,356.7358063803609,1.9965929470746533,5.234814540651651,182.83152218708753,Aluminum,Night,0
B00533,63.5712255742183,455.5253070988327,1.2313510712039246,4.434991371610653,195.55021707354751,Copper,Night,0
B00534,68.95380865837866,417.30577265774747,2.209733386944192,5.196207158168861,217.31322338437212,Aluminum,Afternoon,0
B00535,65.23622592806221,459.56231486953385,2.4869943870519413,5.143081690562614,184.48755181757988,Copper,Afternoon,0
B00536,57.90944407703737,398.04376832233237,0.7821454123592428,4.296349242916333,212.54555043886114,Aluminum,Night,0
B00537,70.51546896017538,394.30554036164887,1.8338035774524595,4.8090990021168905,188.01597719514803,Aluminum,Afternoon,0
B00538,67.51663187029379,384.75352404602177,0.7531629524685242,5.472792357682395,173.20095390953452,Aluminum,Afternoon,0
B00539,59.72496134688054,374.84653002224536,2.6814350482441114,4.562847040785218,208.19899637883614,Steel,Afternoon,0
B00540,68.4655227028507,534.2328169527992,1.7690918066408683,5.063777484484828,224.43152131362174,Copper,Night,0
B00541,60.88551924695999,440.3584757896611,2.5199142231518934,4.698528410001865,187.1639737959796,Copper,Morning,0
B00542,56.16403711913176,346.69057270316085,1.4202140941655357,4.787316108781471,176.4519363664976,Copper,Morning,0
B00543,55.35466196518301,531.9654434581089,0.8126955670408136,5.574895646128201,206.82372126620032,Steel,Afternoon,0
B00544,67.16046896770384,379.75100324988637,0.6037482609642787,5.037033303735842,186.15238706792007,Aluminum,Night,0
B00545,61.93815256057245,416.0576000088428,1.2037740519309388,5.155085206568877,208.04969867706393,Copper,Afternoon,0
B00546,77.01363215235169,446.97986859359327,1.1105842509101964,4.966260627072046,217.27219391305763,Steel,Morning,0
B00547,64.65633509329635,323.10230364637493,1.9008799350499046,4.545460005770713,204.95926243404404,Steel,Afternoon,0
B00548,58.71837365237134,358.63365991754506,0.5543470951592684,4.644523037930702,212.14652462518205,Copper,Morning,0
B00549,66.2625411091513,482.4082412285345,1.8014263607479335,5.35352909769267,212.2491823045205,Aluminum,Night,0
B00550,54.64586142740315,388.7585668331802,1.479429355030008,5.04586764450372,214.84920068267945,Steel,Afternoon,0
B00551,64.32695007580239,449.93350583804363,1.9428056747861053,4.768913493213055,200.67816151336223,Copper,Night,0
B00552,67.55333421182621,377.32657796768274,2.2560438203759117,4.993384459622942,211.68614641090483,Aluminum,Afternoon,0
B00553,66.56537846108245,395.24701972565794,2.0852298626995975,5.198479388985184,202.46602619234469,Steel,Afternoon,0
B00554,75.42239944415806,489.262843303825,2.961610923433416,5.136346654274994,205.86980257902837,Steel,Afternoon,0
B00555,85.78013700675561,421.8756121149011,0.8456633596921777,4.769063239935246,245.77566979877938,Copper,Afternoon,0
B00556,70.37117897073028,382.75761165345006,1.5743425223244463,4.527409016318854,203.624007853785,Copper,Afternoon,0
B00557,74.43037062228416,365.8318269598576,1.562076841608278,4.877886037033536,177.5336010079495,Aluminum,Night,0
B00558,85.34770127725793,370.40623037933983,1.5426330092573015,5.332714590781012,197.03871233723538,Copper,Night,0
B00559,56.9501932174682,462.0780015368546,2.159495980106671,5.2563130895321635,195.3421136653659,Copper,Morning,0
B00560,66.04501927020007,438.274915431946,1.7245701513668061,5.123120979477549,196.0280959736808,Aluminum,Afternoon,0
B00561,61.17602774330673,342.56616839632045,1.7935813995324077,4.948735876560167,214.30163639379447,Copper,Morning,0
B00562,71.74126168208858,404.3589278435352,1.5808899803669116,4.844975971381815,216.95887096496045,Aluminum,Night,0
B00563,67.17295135581297,396.65917640969974,2.9792486525464064,4.954301478663692,198.41547135953905,Aluminum,Morning,0
B00564,58.45254144076853,415.8046384784147,2.8189033720476053,5.234531499290636,179.12188477221616,Aluminum,Night,0
B00565,65.08758253077636,369.8214440429315,1.2693104734109273,5.303057183670728,201.4864336277466,Copper,Afternoon,0
B00566,73.37538191724708,454.8902805824712,0.778984811916668,4.92146397052332,191.849168868565,Aluminum,Morning,0
B00567,54.57020295179947,399.9330361356987,2.599411810096507,5.760869392858278,203.1560707095698,Copper,Morning,0
B00568,58.62124355488817,418.67182587927044,2.9929256285643113,5.027721132733117,198.18557161715134,Aluminum,Morning,0
B00569,57.42179931966553,360.76548879428424,1.2315222350991137,4.8959133650195295,218.2453642760163,Copper,Morning,0
B00570,67.61117244389528,363.2843431164719,1.3944623146044157,5.442700831582865,204.12212069695846,Aluminum,Afternoon,0
B00571,74.92412863691968,532.875555463345,2.8540829537130072,4.388511041071317,191.89712533667756,Steel,Night,0
B00572,48.92212427755191,490.0039976213342,2.2778237950077247,5.144010108369606,179.21701628924228,Steel,Night,0
B00573,65.75518850782866,396.5159418558544,1.2390958294490904,4.9781604822100105,199.27978754152414,Steel,Afternoon,0
B00574,57.60623426179853,476.650197536347,1.9526162282097876,5.434455295961407,199.3334396908067,Aluminum,Night,0
B00575,73.04322219863988,460.63687571312147,2.8605739484106403,5.181477007595057,196.06308876944502,Copper,Morning,0
B00576,63.10425379542997,368.739448547543,2.5295327673644463,5.0417306509524975,211.62985627105348,Aluminum,Afternoon,0
B00577,66.04539151261918,363.75333992989323,2.354581784321649,5.198790139263965,179.25832263443633,Aluminum,Night,0
B00578,64.98930403838352,433.43383126756584,2.342490779317556,4.683325306363774,188.5618390469063,Aluminum,Afternoon,0
B00579,73.99375042551875,413.0030319056411,0.9450508107306759,5.290045950343657,200.793763992292,Aluminum,Afternoon,0
B00580,81.38905224638226,379.899769183064,2.561703098069841,4.5966242728959585,191.6073767156754,Copper,Night,0
B00581,55.92267736094847,436.06132718743686,1.1902965811086452,5.107549214244309,194.6493614273538,Aluminum,Night,0
B00582,57.379551056042786,327.87585372035267,2.825916644753824,5.010684302325807,199.0962294820374,Steel,Afternoon,0
B00583,67.57198322043766,405.7500763926229,1.4115999775344574,4.471083627088572,210.2894740012044,Steel,Afternoon,0
B00584,58.46878121358465,338.0538173218622,2.644150992605641,5.020682617428815,198.49139519675407,Steel,Night,0
B00585,72.46867016320219,339.70043282374684,1.1655837362945036,5.08459602551189,170.45473315472276,Aluminum,Afternoon,0
B00586,73.7529396726747,364.66176051737966,1.786317341455601,4.803537207812663,190.9580448647343,Copper,Night,0
B00587,60.627389502028336,418.16436381719944,0.7672132387226513,4.696273400347217,207.4367641295012,Copper,Afternoon,0
B00588,58.8917018668682,366.2381495557685,2.1502972574904353,5.147653221028519,211.44010458149833,Copper,Afternoon,0
B00589,62.801767826778246,339.09456960248093,2.5901981879170957,5.108694500348243,212.26786817264156,Aluminum,Afternoon,0
B00590,65.83214571170414,423.8624601338473,2.2961182032560403,5.068045726776213,216.51766504943095,Copper,Night,0
B00591,67.51869751916153,474.6373522220518,1.8081462823466432,5.002652531706465,201.77655915634983,Steel,Morning,0
B00592,46.977463527606645,431.9425217101006,0.6127896965036488,4.830031094907321,203.9474747130447,Copper,Night,0
B00593,57.26035584919905,490.0899362296823,2.833602517927146,5.68165443579943,184.79137180610627,Aluminum,Afternoon,0
B00594,61.767205209035325,470.4589196801294,2.2637238714465866,4.910500747925574,167.38137030823185,Aluminum,Morning,0
B00595,58.624085346024906,375.62858937450324,2.3646605959133327,4.740465990959365,178.73626124633154,Copper,Morning,0
B00596,42.08232086117637,431.6079909682055,2.486701438777018,5.01632818256304,189.47243672464342,Aluminum,Afternoon,0
B00597,49.89302027716245,395.41846032224214,2.3693585648190267,4.945717686106665,179.60443173003785,Copper,Night,0
B00598,54.55713179532506,453.10498905990295,1.6027904102458341,4.903546157475053,195.60609589909785,Copper,Morning,0
B00599,64.07772639317425,395.40942213682143,2.334054573219867,5.562282827181796,193.06867609038116,Steel,Morning,0
B00600,61.51038245214952,360.56517453953666,2.0625669695258226,4.661075654598617,214.06740520853086,Aluminum,Night,0
B00601,59.9474473397714,468.6702971175127,2.635040834171966,5.0112311206381115,185.46295268318198,Steel,Night,0
B00602,71.37211968634273,415.8897775361685,2.506149538343426,4.681198092521447,202.1087287577593,Aluminum,Morning,0
B00603,71.36906931939009,366.8235164345384,0.6034359561681497,4.837692568581192,193.7034845987474,Copper,Night,0
B00604,66.199349227855,375.06368499630884,1.447217725831513,5.5208347849685095,184.90132150509697,Aluminum,Morning,0
B00605,65.96096226174927,366.5039677780758,0.5867903804597364,5.084433516716568,189.08432819047857,Copper,Afternoon,0
B00606,58.14671559253271,349.9126283645142,0.7551873119152448,5.080811178556515,169.23110442379632,Aluminum,Night,0
B00607,59.10406135474778,376.1242328878225,2.0035268050090282,4.718155631561643,211.2252024034045,Steel,Morning,0
B00608,51.33880493499826,418.6510606865603,2.6845545529056336,4.872613532384966,221.03391880622036,Steel,Night,0
B00609,62.993988545773355,403.203033509309,0.7995618967731681,5.5469364564675505,195.98800824438325,Copper,Night,0
B00610,71.28593031768958,378.089153180892,1.6277232186670787,5.149808673931073,200.43593131091467,Steel,Morning,0
B00611,75.83463917419648,474.7753734398612,2.7771972620161094,4.898085544507128,195.56213239391212,Copper,Afternoon,0
B00612,63.04176113675629,299.46832630601807,2.5357524591789695,5.132182177090982,187.69863077704903,Copper,Morning,0
B00613,68.93335065607752,415.30679575778555,1.7991697411648249,5.080299158963363,210.57354290316314,Copper,Night,0
B00614,42.152086057110424,392.8620372591203,2.428928598322077,4.748168103844437,204.78602487727423,Aluminum,Morning,0
B00615,61.53657343681261,351.49093851017597,1.8067344351113426,4.889357525443378,156.31798430931326,Copper,Night,0
B00616,61.34910095893389,418.22271728938586,0.8952308432071219,5.67636083063236,184.48083878886325,Steel,Morning,0
B00617,76.92934651380307,389.01258938194223,0.8118402830541978,5.117600775033992,169.2040812565396,Aluminum,Afternoon,0
B00618,68.14346768737134,462.35367331069466,0.9709205801676744,4.529287396607137,223.33121518082874,Steel,Afternoon,0
B00619,68.95404338304486,443.40326212057334,1.3773052374141987,5.153063044473924,197.4225684133139,Copper,Afternoon,0
B00620,68.53862648799195,495.30653681869927,2.826323169185047,5.390926481908384,203.6105234254442,Copper,Afternoon,0
B00621,65.36354185865777,375.8341034743004,2.4991960341340036,4.728686545954182,194.70057297379665,Steel,Morning,0
B00622,77.25892264679304,469.8277244873758,1.5820039030657937,4.862947310994956,216.5404508943513,Aluminum,Afternoon,0
B00623,46.557763616279416,341.70726159922896,1.732691774468935,5.436131286487555,212.9105775889165,Steel,Morning,0
B00624,66.16968326972335,394.46817503622106,1.1640236441660372,5.010473740647869,196.76781225469227,Copper,Night,0
B00625,74.03842281311651,376.73764736828645,2.260882391180325,4.957136533162613,225.76989583512838,Aluminum,Night,0
B00626,49.86885237445881,430.12227064547045,2.5069141786550952,4.599182591036456,202.7797721334931,Copper,Night,0
B00627,71.70334283017841,428.9137899121776,1.0972617391689414,5.32116989254426,178.09812387291768,Copper,Afternoon,0
B00628,58.910694069877465,354.9690203386014,0.6045540594661634,4.943459288974812,201.5002810627034,Steel,Afternoon,0
B00629,65.87852743073633,432.9096086992208,2.059722357907426,4.348705119452969,207.7616098658943,Copper,Afternoon,0
B00630,58.757124952436584,380.9755458578054,1.9062802978382916,4.528208745570124,198.00162871177588,Steel,Night,0
B00631,72.67321341239217,359.1601320024153,1.5053278875721912,4.8315258154451906,193.82775432135557,Aluminum,Night,0
B00632,62.69310495021147,399.41093189288364,2.109734854433025,4.678147312051209,226.46541974344953,Copper,Night,0
B00633,71.76637485085769,326.1577919318741,1.876533244962859,4.725211473890006,182.21206311927008,Copper,Night,0
B00634,68.48263869011473,446.5653174994386,1.126453941485482,5.703400968591029,158.54429262335077,Aluminum,Morning,0
B00635,58.64966012752929,397.218959477914,1.494322439056806,5.2122569040998314,224.28581046394766,Steel,Morning,0
B00636,69.0148735231642,398.312718910098,1.5702839243681042,4.2267964931016975,181.6092890586553,Copper,Afternoon,0
B00637,59.69144753589814,395.64166864567466,2.7006199861889093,4.905703426633849,195.7007294225268,Aluminum,Afternoon,0
B00638,65.5130247507198,482.3425043345892,2.9022603853223985,4.973151977793839,194.33851767406625,Copper,Night,0
B00639,62.547245108081604,475.94388444149104,2.7325034059912428,4.55691981981901,218.4762273604778,Steel,Morning,0
B00640,72.19929493111019,467.53805466995937,2.297945060129949,5.160315891660783,221.52284569440303,Steel,Morning,0
B00641,69.32257816589934,395.7479177870581,1.9624818340145547,4.387583202458025,180.6143681884221,Steel,Afternoon,0
B00642,64.75422761116207,344.2187543755031,2.2231540886648875,5.329084087331111,220.353644422781,Steel,Morning,0
B00643,59.51430578275471,399.2010278558043,2.8477730518317226,5.432458994516865,220.07615474324274,Aluminum,Afternoon,0
B00644,54.848068081354256,415.72002103635907,1.1249968380595794,5.705775523687101,200.29032411387456,Copper,Night,0
B00645,66.08525135432558,440.6305151946639,1.8378012691835122,4.527701223730126,213.98813832979786,Aluminum,Night,0
B00646,59.94167285478593,415.5591370550122,2.22402004750102,4.588730792449959,215.49244930917135,Steel,Afternoon,0
B00647,49.976030739409396,348.6752861905207,2.1981175033106863,5.207801610275819,196.2135822316115,Steel,Night,0
B00648,54.35977167202999,373.229226482989,1.130697398942091,5.354804016519793,197.63650163674518,Steel,Night,0
B00649,78.00700244433374,368.6931734375539,1.9668288184743796,5.242685798407572,208.83992070611635,Steel,Morning,0
B00650,59.72018892008444,426.95265252029105,2.489782856050391,5.323915102158278,175.57212550046285,Copper,Morning,0
B00651,73.65730222008321,428.1798726619984,1.6876974501256097,5.41304820858951,194.69290000228116,Steel,Morning,0
B00652,62.14680218241375,434.7315944040435,2.483245191746837,5.06067511865877,181.99461880544976,Copper,Morning,0
B00653,74.91662108128651,415.0517927336177,1.399706494386387,4.936235025973822,221.3536730449853,Steel,Morning,0
B00654,74.33731213979502,297.0400245115678,2.8469003179093972,4.589546837622379,194.5162606324651,Copper,Afternoon,0
B00655,58.39443658479474,313.70701608625956,1.8348211012477527,4.9105683784352605,204.1456058464003,Copper,Afternoon,0
B00656,49.09619466553916,392.9906184330179,1.9898698769815357,4.956533479300731,196.72382096041235,Steel,Morning,0
B00657,49.77343618375744,404.90389602331965,0.578403922011471,4.715094628002723,195.7477387181265,Aluminum,Night,0
B00658,58.53070796835434,462.6832793576489,0.9256728428214857,4.9885327396528805,203.1644943137993,Aluminum,Night,0
B00659,80.11707540446034,403.8897573997516,2.082334701177612,4.681286309876155,189.040345027968,Aluminum,Afternoon,0
B00660,61.71550340061969,351.20253345701764,1.5496759294556781,5.333999700904151,197.0227647279864,Aluminum,Afternoon,0
B00661,66.16195160058764,433.1082403888684,1.7704094761454368,5.127747340753748,196.9123550414737,Aluminum,Afternoon,0
B00662,75.42669492962712,399.13741535678787,0.657428521834251,4.862118893348506,193.65177050197562,Steel,Night,0
B00663,65.8825709048935,379.89726072329825,2.5853380960259607,5.056652182347825,205.86585361617873,Steel,Afternoon,0
B00664,65.6071283081662,319.2700296014945,2.461264005740543,4.668473071292555,193.2950610197828,Steel,Night,0
B00665,69.98130555156118,404.25935040556163,0.9633849393046239,4.698892171064221,224.16672473617936,Steel,Afternoon,0
B00666,67.3117580440799,411.440895548973,2.0858233931434484,4.809843608516833,209.43446162060792,Steel,Night,0
B00667,64.20426315997211,350.1926847946975,2.545788029135679,4.94242157887727,179.76034917887895,Steel,Afternoon,0
B00668,59.228405254420466,437.2178894103138,2.102135341039,5.042360543746708,208.2631691605793,Copper,Afternoon,0
B00669,65.62791112692365,432.73983993254916,1.275995238239612,5.043546910068802,189.65780453738154,Copper,Night,0
B00670,73.75519837666512,402.4456291196488,2.1402778761954178,4.60436670005081,202.0353526310818,Steel,Afternoon,0
B00671,79.25603669598976,400.58614289710204,1.0261543692080306,4.9757813351323525,189.03206839058976,Steel,Morning,0
B00672,67.33821313255127,447.30188733321245,1.2956374931985521,4.754583403825533,167.08394168935735,Copper,Night,0
B00673,71.04128908076778,418.3765184390516,1.1001741327679466,3.9773099787648096,199.6739976060741,Copper,Afternoon,0
B00674,67.1578456573025,364.887227552582,1.8923127559755164,5.922675659456885,178.4837636172806,Steel,Night,0
B00675,64.30136508477118,390.1175858199926,0.7705666169138715,4.760404782214127,206.29573083096986,Copper,Afternoon,0
B00676,69.11405662890148,427.84247009680394,2.8332759508708465,4.777054353756558,202.62177238709782,Aluminum,Morning,0
B00677,74.51466267449987,298.383953783397,1.333780884157167,4.596069163291823,190.9417318408913,Aluminum,Afternoon,0
B00678,57.90910531184684,353.4236975605186,1.0474253177645032,4.682752113590848,227.38305557035983,Aluminum,Afternoon,0
B00679,53.38882638149673,434.10688331694877,1.741374534004578,4.943398305525765,181.4106879904343,Copper,Morning,0
B00680,60.73593400290827,460.4438802108056,1.1924945461367902,5.405543997236008,190.6349352311575,Steel,Night,0
B00681,66.69329554639764,451.0524370134006,1.8372602159566107,4.941695398535696,183.18962626424377,Steel,Afternoon,0
B00682,71.95897294096986,444.66466561238906,1.3712728744552136,4.902931307229598,230.6197404838883,Steel,Afternoon,0
B00683,57.08393740115609,406.4871931335721,0.830167026922602,5.360082193106416,220.28366212469118,Copper,Morning,0
B00684,45.09138781900151,348.55482951561555,1.164738105068155,4.842681040839475,178.66817203504354,Copper,Night,0
B00685,60.92441074663187,390.16883077133826,1.5960996124038132,5.0063448186727,187.61628437519613,Aluminum,Night,0
B00686,63.44868619473411,300.33654746904074,0.5757330661990641,4.723528980436106,188.12512012317353,Copper,Morning,0
B00687,55.7018121327085,465.03280431053764,2.426606317536905,5.505540050285771,191.73909473355715,Aluminum,Morning,0
B00688,58.95127256946151,359.14435987628457,2.0545614114760395,5.314553072010754,184.35829019250028,Aluminum,Afternoon,0
B00689,71.93826728069598,373.33271199883984,2.0033990181958856,4.95410378913999,190.91373444483068,Steel,Morning,0
B00690,65.6249605567688,452.93095263202883,1.865124829706915,4.880167015438782,215.07308403589997,Copper,Morning,0
B00691,67.76497694887455,319.2686521445228,1.9757829308126713,4.9904481630089785,229.20368504118483,Steel,Morning,0
B00692,62.15454214711562,340.52986879872844,2.8366298817680513,4.95848522641676,176.83402731683864,Steel,Night,0
B00693,58.96711671233339,413.39856719125675,0.5214230270268517,4.535954100403198,184.38339315099182,Copper,Morning,0
B00694,62.09681416460685,426.0190207533739,0.6194992741443732,5.324800235427612,203.2033916657035,Copper,Afternoon,0
B00695,68.99104155343754,396.414960241292,0.9787335248270058,4.9318586659266845,176.29541540575923,Aluminum,Afternoon,0
B00696,53.06943830927027,398.04584435320464,0.9182534499828752,5.5695021128138436,203.59148032086838,Aluminum,Afternoon,0
B00697,78.20136207865609,463.41889769472226,0.9529861486729567,5.126544713228775,208.10154180694593,Aluminum,Morning,0
B00698,69.59886796545922,431.81592225303257,2.1798597146216254,4.243674004961092,210.50978825040463,Aluminum,Night,0
B00699,60.71295916567428,425.0584967263773,1.6487082526254133,4.615512965045284,207.68216789744355,Steel,Morning,0
B00700,71.507256943092,438.78232463968715,2.979447195836733,4.356183467984522,191.97127179265397,Steel,Morning,0
B00701,74.77879253658486,384.9704862655691,1.067214787007362,4.6117855837043304,197.27495657799943,Copper,Afternoon,0
B00702,62.35729560318049,508.65828320715104,1.2770752525687366,4.509919497743186,182.30708620785057,Aluminum,Morning,0
B00703,63.26732168187951,284.6234240833758,2.9606017920041228,5.075770247114552,206.96507981956438,Aluminum,Night,0
B00704,76.94779370778404,472.8960512059391,2.5793953520056174,4.905174397518118,224.05040400702683,Aluminum,Afternoon,0
B00705,81.95180117534478,445.1053759371555,1.674498051696332,5.222161975408667,206.93301348601082,Steel,Night,0
B00706,65.23548526054486,412.4144125775427,1.8864922138649742,4.988570125197811,189.5749889625942,Copper,Night,0
B00707,55.734285223288204,404.00144788010556,2.607944801632101,4.92790727955655,214.9218777904884,Steel,Night,0
B00708,61.235182760603536,392.2223351431447,1.70245061511582,5.600962084780803,235.48470042168404,Copper,Morning,0
B00709,73.26412595575361,455.17217939817044,1.0150593089552107,5.066846790157551,203.64724657420422,Copper,Morning,0
B00710,56.75827763188964,398.0067763000058,2.5711113463859636,4.975846544749228,208.31709265782,Steel,Morning,0
B00711,63.33373440192785,363.6057630238456,1.8444312281891087,4.743967723979587,210.16551641099065,Steel,Morning,0
B00712,67.34067905145304,445.09914426608407,0.8826064929095532,4.647225945299112,175.93314101222393,Copper,Afternoon,0
B00713,57.61828250873866,479.23831170299286,1.763964577960994,5.23115030551763,193.83316740972072,Steel,Morning,0
B00714,73.77147649500861,303.64154384606235,1.533008451492147,5.213208799350458,192.2920036770429,Steel,Afternoon,0
B00715,70.55174012163499,517.8545915385159,2.692106329704395,5.4714736216847,212.5229997334392,Copper,Night,0
B00716,81.07636727620233,348.16343512351796,0.8151385784017585,5.143673477990845,210.77553961841122,Copper,Afternoon,0
B00717,71.25168716686218,351.9850861742324,2.688024511120064,4.882069148768136,198.1889488590058,Aluminum,Morning,0
B00718,57.31288291547169,337.7555140253694,1.7805275420257116,5.153303083631095,191.39182911486927,Steel,Afternoon,0
B00719,69.24295248727353,400.04245262323127,1.5109110749528691,4.975909819338818,174.70106060439824,Copper,Morning,0
B00720,72.90417338812685,336.0140857515683,0.9049179610073508,5.259615540222131,199.76881207087607,Steel,Morning,0
B00721,73.31583051300277,342.0869968074557,2.2520449065966983,5.400299548055613,185.68147827831748,Steel,Afternoon,0
B00722,58.78526281687411,365.57249762081915,2.8170167727751014,4.949433096084864,183.8224799063283,Copper,Afternoon,0
B00723,57.8292983811562,406.922783759717,1.4384433847482996,5.527192891944422,213.8940314618388,Aluminum,Night,0
B00724,55.88290304712791,411.74267994837555,1.1039625016770835,5.356504180286456,212.32879692570177,Copper,Night,0
B00725,77.83785595311093,462.05986397050424,1.8871672924978926,5.005305301829321,192.6710876285075,Copper,Night,0
B00726,69.9830305907363,460.90743865974565,2.4904648710846757,5.201222982517382,176.46433578038548,Steel,Night,0
B00727,58.430251006330316,451.2305657048802,0.5094192363763326,5.091649066094055,187.6128262963444,Aluminum,Night,0
B00728,66.01751151005696,386.9191414467137,2.078443590988573,5.006598197841288,214.89880941990788,Copper,Afternoon,0
B00729,64.0105014927918,307.94091110017064,1.991290001746577,5.573943516941903,207.01577925464363,Steel,Night,0
B00730,57.219348248274535,306.8342800848003,1.2953804645104001,5.155281338297208,192.92292803866462,Copper,Afternoon,0
B00731,65.28947155165282,450.88649380549066,1.6285575090124258,4.747709491810682,200.8812976531536,Steel,Night,0
B00732,66.52556230176351,442.18772358536853,1.1174080604045522,4.691609096921417,168.8776712306477,Copper,Morning,0
B00733,80.45002475721519,369.1647768777977,2.474714344879607,4.703870923864332,167.74213419447827,Aluminum,Night,0
B00734,59.75449979386981,327.9631874351279,2.086337333415269,5.146851350275452,229.65689780781588,Copper,Morning,0
B00735,51.32480540643729,347.64244884154544,1.831779055097463,4.8975458983042826,207.59789327509483,Steel,Afternoon,0
B00736,56.608370117152184,408.7347151099764,1.481315496044568,5.099988114983833,200.0249309638888,Copper,Night,0
B00737,57.858820612542225,408.82804999274686,1.2284609650518303,5.280918885488412,194.04565723987608,Aluminum,Afternoon,0
B00738,61.58458259173684,452.12656365634996,2.5568412151085784,5.608614059129686,173.5724901570279,Aluminum,Night,0
B00739,56.62797016698286,377.4822771396252,1.6285191760839224,4.904458029893493,214.89821191229134,Aluminum,Afternoon,0
B00740,71.57697604655152,387.7981985749179,1.7536185496041818,4.577434817800031,182.94666855304405,Aluminum,Night,0
B00741,56.07173789592416,456.26606529832196,1.802071826351854,5.537720619599218,210.56273968000224,Steel,Night,0
B00742,65.16014374639384,293.7452549306183,1.6209173385789413,4.562869753304279,201.9800114831384,Copper,Morning,0
B00743,81.00153746817739,415.8726473458513,1.1402210655960594,4.551071387763263,199.2185830381477,Aluminum,Afternoon,0
B00744,69.42854617410899,383.2885610684032,0.80085110060763,5.52993507799007,180.46450521403096,Copper,Afternoon,0
B00745,68.60605609369887,435.6379889476872,0.7463431679193517,5.319869458321244,180.6642499299109,Steel,Afternoon,0
B00746,79.85852960596128,425.6303301430671,2.3936563083517215,5.145452102367854,205.84901579468882,Copper,Afternoon,0
B00747,74.96519651389579,365.1845177805167,1.0588195557537783,4.985023700763958,201.18825236630028,Copper,Afternoon,0
B00748,69.52099493882083,374.6332571760509,0.639182037384939,4.928238794781424,200.7075060989507,Aluminum,Morning,0
B00749,62.514185200444246,284.9012287226159,2.493793516739715,4.804752192501699,204.29062388770532,Aluminum,Night,0
B00750,64.81848900168166,437.499574913091,0.88515413215162,4.915087047717376,170.9488476480944,Steel,Morning,0
B00751,64.42956905867035,411.9886910032315,2.062865229333385,4.985775385690784,215.2271575991073,Copper,Afternoon,0
B00752,61.788595619423134,469.9256177725856,1.346608178619658,4.587665032418173,194.66150389078464,Steel,Afternoon,0
B00753,66.6962920950634,380.02999819197265,0.8162006417282737,4.753931445208263,217.54467533180656,Steel,Night,0
B00754,67.80598157638124,445.7167798824013,1.5362024481358998,4.366424525340741,169.87513992821238,Steel,Morning,0
B00755,55.042972262734196,346.50369772179306,0.5370221528315628,5.023378235630094,208.53539008291145,Aluminum,Night,0
B00756,78.0563399996984,264.76051010705174,2.602612456281401,5.023430360325298,208.3936894669139,Aluminum,Night,0
B00757,68.27838010458625,395.2743029816116,1.783744903354643,5.533554630879554,177.70800989965014,Copper,Morning,0
B00758,62.89773630439506,371.66591224734873,0.8479000272699045,5.112666476609768,190.41115823596795,Copper,Night,0
B00759,66.76940782983566,347.458928710764,1.0924507959724616,4.833187379925387,184.107404060747,Copper,Morning,0
B00760,72.4429511292688,444.90526967433084,1.6199379803463168,4.93989349949008,212.94818933757878,Aluminum,Morning,0
B00761,53.26650869931286,460.41233367717786,0.9721734570388716,5.1460466937533305,204.63332724333864,Aluminum,Afternoon,0
B00762,64.15951418815803,405.27106396829305,1.1714979037527147,5.068283787963501,223.9827323885263,Steel,Night,0
B00763,55.51315380110134,390.87404651909173,1.835963910588158,5.17348577576348,203.0443090142295,Aluminum,Afternoon,0
B00764,86.25603056780497,403.13541869512613,2.581522532595964,5.113113432061381,210.98366280334338,Steel,Night,0
B00765,66.10548838214892,367.3536878049336,1.504599214224802,4.924206720442999,217.5801611207076,Steel,Night,0
B00766,55.57803481920395,428.1297974214201,2.2924381838838706,4.8392620126781,208.31640089761592,Aluminum,Afternoon,0
B00767,93.79573424557914,323.03140069192807,2.691710533651621,4.8231313388120105,194.2372519557233,Steel,Afternoon,0
B00768,60.711851369756886,346.34609357849035,1.040752350740405,4.722418614613383,191.44558332107695,Steel,Afternoon,0
B00769,63.32736065539034,360.4369424346599,2.5179799260054003,4.675364214867642,198.80399858707196,Copper,Morning,0
B00770,63.9056140801171,427.06777154907644,2.3935054958275686,5.551539179258743,211.94875684715134,Steel,Night,0
B00771,58.21637554744772,384.8755071478378,1.3923432448703374,5.037413045493817,188.50845407220572,Aluminum,Morning,0
B00772,66.97881613996914,468.0195197351536,2.973799898752168,4.9534095646675,209.78230289269547,Aluminum,Night,0
B00773,47.314078669119795,440.16548781892544,1.1564309285898926,4.851234705148128,204.83948477465458,Steel,Night,0
B00774,73.68718706301833,359.9453412218827,1.137008165079239,5.1286637327992795,181.20040815200778,Copper,Morning,0
B00775,55.97756103410224,431.673289519931,2.4306479116329944,5.361099165816822,209.0530288878564,Aluminum,Morning,0
B00776,61.677427821517504,379.5896485923991,1.5866432951277105,5.216979342876722,202.12881519278528,Aluminum,Night,0
B00777,71.0121573894893,423.65902475119816,1.3269874869526082,5.2764767261934535,191.7421368321456,Copper,Afternoon,0
B00778,63.36431185355108,442.58860817964865,0.9466570133477574,4.824041365344806,201.91142859071402,Steel,Afternoon,0
B00779,63.691618023218986,455.73573009063585,2.41333107733636,4.998761227464986,192.32523465073893,Aluminum,Afternoon,0
B00780,56.903380458161834,410.10107849189586,2.4658045153401926,4.827986566442312,203.71508097034666,Steel,Afternoon,0
B00781,81.76518573976361,480.0061843240109,1.916410008075351,5.032109419640973,197.4805944553017,Steel,Night,0
B00782,69.25185905765272,422.0657178030636,2.893284032978432,5.381777302417463,177.05113651985576,Steel,Afternoon,0
B00783,56.33772041384667,406.75260797288155,1.2954081760566356,5.131821153471153,197.9294656717664,Steel,Afternoon,0
B00784,66.42545956846281,384.8742806170032,1.049047613698343,5.488014309798816,193.35974156853786,Aluminum,Afternoon,0
B00785,55.77225604278952,368.4345489905816,2.1936669223361545,4.913442916864957,209.53379531448192,Copper,Night,0
B00786,78.77931435191559,420.99418630308526,2.3960216019992617,4.757911683794886,213.19652743918616,Aluminum,Morning,0
B00787,66.59710368566837,405.03788184899923,1.062264926379556,5.153638546008284,192.36497357254234,Copper,Afternoon,0
B00788,57.195627776743464,413.0412800317195,0.691526910652783,5.035657508966846,188.15906785121373,Steel,Night,0
B00789,70.58072588499134,424.0372913778146,2.52629121646593,5.0968106759494,174.7976892836156,Copper,Night,0
B00790,62.775394623613494,412.83007390715244,2.941254934115031,5.051966048889949,187.78944315473888,Steel,Afternoon,0
B00791,54.69417075582015,500.6647703463926,2.111680715180711,4.854669687994557,195.15096838411594,Aluminum,Morning,0
B00792,68.04837067120168,373.60175579109307,1.1946672503597353,5.058720814331,179.9110499576868,Aluminum,Morning,0
B00793,67.82273467310316,421.6146672059853,2.99168152138198,5.292011160748752,213.3970488849533,Copper,Morning,0
B00794,74.10186906053919,388.61533920756295,2.7331665906676936,5.322832312370586,203.93242940661042,Steel,Night,0
B00795,65.51602845534238,276.9263943212379,1.7834516157007347,4.853145020244389,198.19374928970151,Steel,Afternoon,0
B00796,65.85648229566841,390.32635885657777,2.5633032121045844,5.0693017795191455,199.74993043407298,Copper,Afternoon,0
B00797,66.28106429236148,353.17514720407297,2.5395513081574173,5.443133324864476,204.5906743037767,Steel,Night,0
B00798,77.76226395605623,396.6588770579793,2.836997424183749,4.859632775282143,209.49642466804264,Steel,Afternoon,0
B00799,62.51941181380744,398.67987393341474,2.60230960943365,4.805166080170235,212.13511455270898,Steel,Afternoon,0
